name,country_code,country,lat,lng,notes,route_count
Andorra la Vella (Casa de la Vall),AD,Andorra,42.5063,1.5218,"A 16th-century stone building that served as Andorra's parliament until 2011, now a small museum; visits are by free guided tour only with limited daily slots, so book/reserve ahead rather than just showing up.",3
Ordino,AD,Andorra,42.5551,1.5332,A quieter mountain village of stone houses (Areny-Plandolit manor house museum) — a calmer alternative base to Andorra la Vella's shopping strip.,2
Pas de la Casa,AD,Andorra,42.5427,1.7339,"High-altitude Andorran border resort whose main draw is duty-free shopping (alcohol, tobacco, electronics) alongside the Grandvalira ski slopes; cross early on weekend mornings, as the Envalira tunnel/border can queue badly with day-trippers.",1
Vall del Madriu-Perafita-Claror (hike),AD,Andorra,42.4926,1.5665,"Andorra's only UNESCO site, a roadless glacial valley with centuries-old shepherd huts (bordes); no permit needed, but it's on foot only from trailheads like Ràcò or Engolasters, so allow at least half a day for a proper loop.",1
Berat,AL,Albania,40.7058,19.9522,"Known as the ""town of a thousand windows"" for its stacked Ottoman houses climbing the hillside; the castle at top still has an inhabited old quarter with several working churches inside its walls.",10
Butrint,AL,Albania,39.7439,20.0225,"Layered Greek, Roman, Byzantine and Venetian ruins (theatre, baptistery mosaics, acropolis) inside a UNESCO-listed lagoon/wetland setting near the Greek border. Allow 1.5-2 hours and go early morning both for the heat and to beat the tour-bus groups that arrive from Saranda/Corfu.",1
Dhermi,AL,Albania,40.1461,19.6417,"Riviera beach town whose real draw is Gjipe, a beach in a narrow limestone canyon just south, reachable by a 20-30 min hike down from the cliff-top or by boat; go early or take the hike rather than the boat taxis to avoid the midday crowd on the sand.",3
Gjirokastër,AL,Albania,40.0758,20.1389,A hilltop old town of distinctive stone-roofed Ottoman houses; the imposing castle houses a small arms/military museum with a downed US Cold-War-era plane on display.,3
Himarë,AL,Albania,40.1017,19.7444,"Riviera town used mainly as a base, with an old hilltop quarter (Himara Kalaja) above the modern seafront for a short walk and view; the town's own beach gets busy, so head a couple of km south to Livadhi beach for a quieter swim.",3
Korçë,AL,Albania,40.6186,20.7808,"Quieter Ottoman-era old bazaar quarter; known regionally for its beer (Korça Beer, Albania's oldest brewery) and the National Museum of Medieval Art.",4
Ksamil,AL,Albania,39.7717,19.9967,"Famous for a string of tiny islands just offshore that you can wade or swim to in bright turquoise water; go early morning before the day-trip crowds and boat traffic from Saranda arrive, since the islands get packed by midday in season.",1
Kukës,AL,Albania,42.0778,20.4219,"A modern town rebuilt after being relocated for the Fierza reservoir in the 1970s, so there's little historic core; most travelers only pass through as the crossroads into Albania, with views over Lake Fierza along the road being the main reason to slow down here.",2
Porto Palermo,AL,Albania,40.0389,19.7994,"Ali Pasha's early-19th-century castle sits on its own small tidal islet in a sheltered bay between Qeparo and Himarë, with a swimmable cove right next to it. Entry costs ~300 ALL cash only, open daily roughly 9:00-18:00, and a visit (prison rooms, barracks, rooftop terrace with bay views) takes 30-45 minutes.",1
Saranda,AL,Albania,39.8756,20.0053,"Mainly a base/promenade town for Ksamil and Butrint with views across to Corfu, not a sightseeing destination itself; the one thing worth the short detour is Lëkurësi Castle on the hill above town, best at sunset for the view over the bay.",1
Sarandë,AL,Albania,39.8756,20.0053,Mainly a base for day-tripping to the Butrint ancient ruins (Greek/Roman/Venetian layers) a short drive south; the town itself is a fairly built-up beach resort.,3
Shkodër,AL,Albania,42.0683,19.5126,Rozafa Castle overlooking the confluence of three rivers is the main sight; the town itself is very bike-friendly and a good base for reaching Lake Shkoder.,7
Theth,AL,Albania,42.3961,19.7692,"Remote Alpine valley of stone kulla towers, the highlight being the day-hike over to Valbonë through the Accursed Mountains; allocate a full day for the hike and note the access road is realistically only open/passable roughly June-October.",1
Theth (Accursed Mountains),AL,Albania,42.3961,19.7692,"Remote Alpine valley of stone kulla towers, the highlight being the day-hike over to Valbonë through the Accursed Mountains; allocate a full day for the hike and note the access road is realistically only open/passable roughly June-October.",1
Tirana,AL,Albania,41.3275,19.8187,The Bunk'Art museum (a converted Cold War-era anti-nuclear bunker) is the standout sight on communist history; also worth noting the brightly repainted socialist apartment blocks around the center.,13
Valbona,AL,Albania,42.4644,19.8919,"Valbona Valley National Park at the far end of the classic Theth-Valbona mountain crossing, with dramatic peaks lining the valley; if hiking, the Theth-Valbona trail is a genuine 6-7 hour day (best done downhill toward Valbona), and if not hiking, check the seasonal Fierzë ferry/road connection since Valbona itself has little to do beyond the valley scenery.",1
Vlorë,AL,Albania,40.4667,19.49,"Mostly a transit/gateway city rather than a sightseeing stop itself, best used as the jumping-off point for a boat trip to the Karaburun Peninsula-Sazan Island marine park or to the small lagoon islet monastery of Zvërnec just north; budget half a day if you want the boat trip, otherwise it's a pass-through.",1
Dilijan,AM,Armenia,40.7431,44.865,"Nicknamed ""Little Switzerland"" for its forested hills; Haghartsin and Goshavank monasteries plus Parz Lake are easy nearby stops.",3
Khor Virap,AM,Armenia,39.8817,44.4453,"The single best up-close view of Mount Ararat in the country, plus the underground pit where Gregory the Illuminator was reportedly imprisoned.",3
Lake Sevan,AM,Armenia,40.3667,45.3333,High-altitude lake with swimmable beaches in summer and the Sevanavank monastery on a small peninsula overlooking the water.,3
Tatev,AM,Armenia,39.3789,46.2506,"Reach the monastery via the ""Wings of Tatev"" cable car, one of the longest reversible aerial tramways in the world (~5.7km) — a highlight in itself, not just transport.",3
Yerevan,AM,Armenia,40.1792,44.4991,The Cascade complex doubles as an open-air modern art museum and gives a good Mount Ararat view from the top on clear days.,3
Luanda,AO,Angola,-8.839,13.2894,"Fortaleza de São Miguel overlooks the bay; the Ilha de Luanda sandbar strip has the city's beaches and nightlife, but it's also one of the most expensive cities in Africa for food and lodging.",2
Lubango,AO,Angola,-14.9167,13.4925,Base town for Serra da Leba and Tundavala; the Cristo Rei statue on a hill above town gives a view over the city and surrounding escarpment.,2
Namibe Desert,AO,Angola,-15.1961,12.1522,"One of the world's driest deserts; home to Welwitschia mirabilis plants, some individual specimens estimated at over 1,000 years old, plus the natural rock formation Arco de Namibe.",2
Serra da Leba,AO,Angola,-14.9833,13.2667,"A dramatic switchback mountain pass with sharp hairpin turns descending the escarpment — one of the most photographed roads in southern Africa, best seen/shot from the viewpoint at the top.",2
Tundavala Gorge,AO,Angola,-14.8167,13.4,"A sheer escarpment drop of over 1,000m near Lubango; a short walk from the road gets you to the cliff edge, popular at sunset.",2
Antarctic Peninsula,AQ,Antarctica,-64.86,-62.86,"The Lemaire Channel, a narrow cliff-walled passage nicknamed ""Kodak Gap"" for its near-constant photogenic scenery, is the Peninsula's best-known scenic sail-through, alongside continental landings at Neko Harbour or Paradise Harbour; exact stops depend entirely on ice/weather and are only confirmed once aboard.",2
Expedition Cruise from Ushuaia,AQ,Antarctica,-54.8019,-68.303,"Ushuaia's Beagle Channel harbor is the sole embarkation point for Antarctic Peninsula voyages, and the roughly two-day Drake Passage crossing that follows can range from a smooth ""Drake Lake"" to a rough ""Drake Shake"" — pack seasickness medication and expect a full day of pre-departure gear and biosecurity briefings before boarding.",2
Glaciers & Icebergs,AQ,Antarctica,-65,-63.5,"Massive tabular icebergs calved from the Peninsula's ice shelves drift through channels like the Gerlache Strait, some towering well over the ship; expedition staff time Zodiac cruises for early morning or late evening light, when low sun turns the ice blue and gold.",2
Penguin colonies,AQ,Antarctica,-64.77,-62.9,"Cuverville Island holds one of the Peninsula's largest gentoo penguin rookeries, while chinstrap penguins dominate Half Moon Island — since H5N1 avian flu reached the region in 2023/24, expect mandatory boot-disinfection and gear checks before and after every landing to protect the colonies (per IAATO/SCAR biosecurity protocols still in effect as of the 2026 season).",2
Return to Ushuaia,AQ,Antarctica,-54.8019,-68.303,"The return Drake Passage crossing is typically used for disembarkation briefings and species-count recaps; build in a buffer day in Ushuaia afterward, since Drake weather can delay arrival back into port.",2
South Shetland Islands,AQ,Antarctica,-62.15,-58.45,"Deception Island — a horseshoe-shaped active volcanic caldera you sail directly into through the narrow ""Neptune's Bellows"" entrance — is the archipelago's signature stop, with the rusting remains of a whaling station at Whalers Bay and, on some ships, a polar plunge in its geothermally warmed shallows.",2
Whales,AQ,Antarctica,-64.6,-62.6,"Wilhelmina Bay, nicknamed ""Whale-mina Bay,"" sees dense krill-driven aggregations of humpback whales especially in the late season (Feb-March), often surfacing right alongside Zodiacs.",2
Beagle Channel,AR,Argentina,-54.87,-67.9,"Boat excursions from Ushuaia's port pass sea lion colonies, cormorant rookeries, and the red-and-white Les Eclaireurs lighthouse — the actual ""lighthouse at the end of the world"" that inspired Jules Verne. A half-day catamaran trip covers this; only pay for a longer option if it includes a penguin-colony landing (e.g. Isla Martillo).",3
Cafayate,AR,Argentina,-26.0725,-65.9761,"High-altitude wine country (around 1700m), known specifically for Torrontés, a white varietal that does unusually well here; the drive in through Quebrada de las Conchas has striking red sandstone formations worth stopping for along the way.",2
Cerro Torre,AR,Argentina,-49.2833,-73.1167,"Reached via the gentler Laguna Torre trail (~18km round trip); the ice-capped spire is notoriously cloud-shrouded, fully visible only a handful of days a month. Build a spare day into your Chaltén stay so you can go on a clear morning rather than a fixed schedule.",3
El Calafate,AR,Argentina,-50.3379,-72.2648,"Sits on Lago Argentino purely as the logistics base for Perito Moreno — beyond the glacier day trips, the Glaciarium museum and lakeside boardwalk are the only real in-town draws, so budget minimal time here beyond arrival/departure.",3
El Chaltén,AR,Argentina,-49.3315,-72.8862,"Argentina's self-styled trekking capital — free trailheads start directly from town (no shuttle needed) leading to both Fitz Roy and Cerro Torre. It's a small village with limited ATMs/services relative to its popularity, so arrive with cash and supplies.",3
Fitz Roy & Laguna de los Tres,AR,Argentina,-49.2667,-72.9667,"The classic day hike (~20km round trip, 8-10 hours), with a steep final climb to the turquoise glacial lake right beneath Fitz Roy's spires. Start before dawn to catch the ""amanecer"" alpenglow on the peaks and beat both the crowds and the afternoon wind.",3
Humahuaca,AR,Argentina,-23.2058,-65.35,The colonial clock tower has a mechanical indigenous figure that emerges at noon — a small but distinctive local quirk; otherwise a quiet colonial town anchoring the north end of the Quebrada.,2
Perito Moreno Glacier,AR,Argentina,-50.4967,-73.1387,"One of the few glaciers in the world still advancing, with loud, frequent ice calving visible from a multi-level boardwalk (passarelas) system that needs no guide. For a closer look, the ""Minitrekking"" or ""Big Ice"" ice-trekking tours (crampons + short boat crossing) sell out in peak season (Dec-Feb), so book ahead.",3
Purmamarca,AR,Argentina,-23.7461,-65.4972,Built around the Cerro de los Siete Colores (seven-coloured hill) that's visible right from the plaza; there's a small daily artisan market worth a wander.,2
Salinas Grandes,AR,Argentina,-23.5667,-66.45,A higher-altitude salt flat (~3450m) than Uyuni and much smaller — doable as a day trip from Purmamarca/Jujuy rather than a multi-day tour.,2
Salta,AR,Argentina,-24.7859,-65.4117,The cable car (teleférico) up Cerro San Bernardo gives an easy city viewpoint; MAAM (Museum of High Altitude Archaeology) displays the preserved Inca child mummies found on Llullaillaco volcano — one of the more striking small museums in the region.,2
Tierra del Fuego National Park,AR,Argentina,-54.85,-68.5833,"Marks the literal end of Ruta 3 (the Pan-American Highway's southern terminus), combining Beagle Channel coastal views with lenga-forest trails around Lapataia Bay. The End of the World Train drops you inside the park, so it's easy to combine with a hike out via the Costera trail.",3
Tilcara,AR,Argentina,-23.5833,-65.3833,"Has a restored pre-Inca pucará (hilltop fortress) you can walk through, plus a decent archaeological museum; part of the Quebrada de Humahuaca UNESCO corridor.",2
Ushuaia,AR,Argentina,-54.8019,-68.303,"The world's southernmost city and main embarkation port for Antarctica cruises, with the End of the World Train and Martial Glacier as separate half-day attractions in their own right. Book Antarctica add-ons or the train ahead if traveling Nov-Mar, when both sell out.",3
Berchtesgaden/Königssee,AT,Austria,47.5892,13.0632,"Königssee's emerald water is the draw — a boat trip stops at the onion-domed St. Bartholomä church — and pairs well with the Eagle's Nest (Kehlsteinhaus) above, reachable only by a dedicated shuttle bus from Obersalzberg.",1
Grossglockner High Alpine Road,AT,Austria,47.0742,12.8306,"This toll road climbs to nearly 2,500m past Austria's highest peak, ending at the Kaiser-Franz-Josefs-Höhe viewpoint over the retreating Pasterze glacier. It's typically only open late April/May through early November (weather-dependent on both ends), so check current status before routing through it outside summer.",3
"Innsbruck (old town, Golden Roof)",AT,Austria,47.2692,11.4041,"The Golden Roof (Goldenes Dachl) anchors the compact medieval old town; Innsbruck's real distinguishing feature is that the Nordkette cable car starts almost from the city center and gets you to alpine terrain and panoramic views in under 20 minutes, no separate drive needed.",2
Innsbruck/Tyrol,AT,Austria,47.2692,11.4041,The Nordkette cable car climbs directly from Innsbruck's medieval old town (Golden Roof) into high alpine terrain in under 20 minutes — genuine high-mountain scenery reachable without leaving the city.,1
Klagenfurt,AT,Austria,46.6249,14.305,"Known for Minimundus, a park of 150+ miniature replicas of world landmarks, plus a compact pedestrian old town anchored by the Lindwurm dragon fountain. Visit Minimundus in the morning before tour groups arrive; the old town itself only takes an hour or two.",3
Salzburg,AT,Austria,47.8095,13.055,Mozart's birthplace and several Sound of Music filming locations sit inside a compact old town dominated by the Hohensalzburg fortress above it; ride the funicular up for the view over the Salzach river.,4
Salzkammergut,AT,Austria,47.5622,13.6493,"The lake district's must-see is Hallstatt's postcard lakeside village, but it's now tightly managed for overtourism: non-hotel-guest day visitors can't drive into the village center 08:00-17:00, so plan on the shuttle or train-and-boat approach and arrive early.",1
"Vienna (old town, Schönbrunn)",AT,Austria,48.2082,16.3738,"The Innere Stadt (St. Stephen's Cathedral, Hofburg) is compact and walkable, while Schönbrunn Palace — the Habsburgs' summer residence — is a separate half-day trip across town for the palace rooms and the sprawling gardens/Gloriette viewpoint. Book Schönbrunn's timed-entry ticket online in advance (it regularly sells out same-day in high season); the gardens themselves are free to enter even without a palace ticket.",3
Wörthersee,AT,Austria,46.6167,14.1667,"Austria's warmest alpine lake (spring-fed, often 26-28°C in summer), ringed by resort towns like Velden and Pörtschach with lakeside promenades and swimming spots. A roughly 50km path circles the whole lake if you want to see more than one town by bike.",3
Adelaide,AU,Australia,-34.9285,138.6007,Compact grid-plan city center; Adelaide Central Market and the nearby Adelaide Hills wine area (Hahndorf) are easy add-ons.,2
Barossa Valley,AU,Australia,-34.5333,138.95,Historically German-settled wine region famous for Shiraz; Maggie Beer's farm shop is a popular casual stop.,2
Blue Mountains,AU,Australia,-33.7,150.3,Three Sisters lookout at Echo Point plus Scenic World's cable car/railway into the Jamison Valley; add Wentworth Falls for a proper hike.,3
Broome,AU,Australia,-17.9614,122.2359,"Cable Beach sunset camel rides are the signature activity; the ""Staircase to the Moon"" tidal light effect only happens a few nights a month (Mar–Oct).",2
Byron Bay,AU,Australia,-28.6474,153.602,"Cape Byron lighthouse walk is mainland Australia's easternmost point; more a laid-back surf-town vibe than a single ""sight.""",3
Cairns,AU,Australia,-16.9203,145.771,No real swimming beach in town itself (mudflats at low tide); locals use the artificial Esplanade lagoon instead.,3
Cradle Mountain,AU,Australia,-41.6833,145.9333,The Dove Lake Circuit (6km boardwalk loop) gives the classic mountain-reflection view without needing to do the full Overland Track.,3
Daintree Rainforest,AU,Australia,-16.1667,145.4167,One of the oldest continuously surviving rainforests on Earth; a river cruise for crocodile-spotting pairs well with the Jindalba boardwalk walk.,3
Darwin,AU,Australia,-12.4634,130.8456,"Mindil Beach Sunset Market (Thu/Sun, dry season only) is a good easy evening stop.",2
Flinders Ranges,AU,Australia,-31.5,138.6,"Wilpena Pound, a natural amphitheater, is the centerpiece — also known by its dual Aboriginal name, Ikara-Flinders Ranges.",2
Fraser Island / K'gari,AU,Australia,-25.2333,153.15,"Officially renamed K'gari in 2023; 4WD-only access, and dingoes are wild — never feed them and keep food secured.",3
Gibb River Road,AU,Australia,-16.5,126.5,Unsealed 4WD-only track past gorges like Windjana and Bell; closed by flooding in the wet season.,2
Grampians National Park,AU,Australia,-37.2333,142.5167,Boroka Lookout and the Pinnacle walk are the standout views; also home to significant Aboriginal rock art (e.g. Bunjil Shelter).,3
Great Barrier Reef,AU,Australia,-16.5,145.9667,"Coral health varies significantly by specific site and year with bleaching events, so it's worth asking your operator which reef sections are currently in best condition.",3
Great Ocean Road,AU,Australia,-38.6667,143.6667,The Twelve Apostles are best at sunrise or sunset for light and fewer crowds; ongoing erosion means stacks occasionally collapse (one did in 2005).,3
Hobart,AU,Australia,-42.8821,147.3272,"MONA (Museum of Old and New Art), reached by ferry from the city, is the must-do; Salamanca Market runs Saturdays only.",3
Kakadu National Park,AU,Australia,-12.85,132.9667,"Yellow Water Billabong cruise at dawn or dusk for wildlife; Ubirr and Nourlangie rock art sites are 20,000+ years old.",2
Kangaroo Island,AU,Australia,-35.8333,137.2167,"Seal Bay's guided walks bring you close to a wild Australian sea lion colony; Remarkable Rocks and Admirals Arch in Flinders Chase NP are the other headline stops, with vegetation still recovering from the 2020 bushfires.",2
Kata Tjuta,AU,Australia,-25.3,130.7333,The Valley of the Winds walk is more strenuous than Uluru's base walk but far less crowded.,2
Kimberley & Bungle Bungles,AU,Australia,-17.5333,128.4167,Purnululu NP's striped beehive-domes are best seen via scenic flight or the Cathedral Gorge walk; only accessible in dry season (roughly May–Oct).,2
Kings Canyon,AU,Australia,-24.25,131.5667,"The Rim Walk (steep climb at the start, ~3–4 hrs) is worth it over the shorter Kings Creek walk if you're fit; start at sunrise to beat the heat.",2
Litchfield National Park,AU,Australia,-13.1333,130.7833,"More of an easy day-trip feel than Kakadu; swim at Wangi Falls or Florence Falls, but check current crocodile safe-swimming advisories on arrival.",2
Melbourne,AU,Australia,-37.8136,144.9631,"Laneway culture (Hosier Lane street art, hidden bars/cafes) plus a strong specialty-coffee scene are the city's real signature.",3
Ningaloo Reef (whale sharks),AU,Australia,-22.6833,113.6667,"Whale shark season runs roughly March–July (peak April–June); unlike the GBR, the reef sits close to shore so there's no long boat transfer.",2
Overland Track,AU,Australia,-41.85,145.95,About 65km over roughly 6 days hut-to-hut; the peak booking season (Oct–May) fills up well in advance.,3
Perth,AU,Australia,-31.9505,115.8605,Compact city center with easy day trips to Rottnest Island (quokkas) and Fremantle's markets and old prison.,2
Sydney,AU,Australia,-33.8688,151.2093,Harbour Bridge Climb and Opera House tours both need advance booking; the Bondi-to-Coogee coastal walk is a good half-day outside the CBD.,3
Uluru,AU,Australia,-25.3444,131.0369,Climbing has been permanently banned since October 2019; the ranger-led Mala walk or the full 10.6km base walk are the respectful ways to see it up close.,2
Whitsundays & Whitehaven Beach,AU,Australia,-20.2833,149.0333,The pure silica sand stays cool underfoot even in full sun; Hill Inlet lookout (short walk from a boat drop-off) is the classic swirling-sand photo.,3
Wineglass Bay (Freycinet),AU,Australia,-42.15,148.3,The lookout walk is a moderate ~1.5–2hr return; continuing down to the beach itself takes real extra effort but has far fewer people.,3
Baku,AZ,Azerbaijan,40.4093,49.8671,Icherisheher (walled Old City) contrasts sharply with the futuristic Flame Towers right next to it; the Ateshgah fire temple is a worthwhile half-day trip outside the city.,3
Gobustan,AZ,Azerbaijan,40.1064,49.3969,Open-air museum of prehistoric petroglyphs (UNESCO-listed); the nearby mud volcanoes are a quirky add-on if you have transport.,3
Qabala,AZ,Azerbaijan,40.98,47.85,Mountain resort town with a cable car up to Tufandag; quieter and more nature-focused than the other Azerbaijani stops.,3
Sheki,AZ,Azerbaijan,41.197,47.1706,"The Khan's Palace has vivid stained-glass (shebeke) work made without glue or nails; try local sheki halva, a distinct layered walnut sweet.",3
Blagaj,BA,Bosnia and Herzegovina,43.2489,17.8942,The Tekija (Dervish house) sits directly against the cliff at the spring source of the Buna River — go early morning for the site without tour-bus crowds.,3
Mostar,BA,Bosnia and Herzegovina,43.3438,17.8078,Watch (or pay to do) the traditional dives off the 21m-high Stari Most into the Neretva; the divers' club collects money from tourists at the bridge before each jump.,5
Mostar (Stari Most),BA,Bosnia and Herzegovina,43.3438,17.8078,"The rebuilt Ottoman-era stone bridge (destroyed in the 1993 war, restored and UNESCO-listed) is the whole reason to stop, with the Old Bridge's steep arch and turquoise Neretva River below it framed by the old bazaar quarter on both banks. Local divers still jump from the bridge year-round (roughly 11:00-15:00, May-October) for tips (€2-5 per spectator is customary) — worth timing your visit around midday to catch one.",10
Sarajevo,BA,Bosnia and Herzegovina,43.8563,18.4131,"Visit the Tunnel of Hope (Tunnel Museum), the hand-dug wartime supply tunnel under the airport runway, and walk the Ottoman-era Baščaršija bazaar down to the Latin Bridge where Franz Ferdinand was assassinated.",8
Sarajevo (Baščaršija),BA,Bosnia and Herzegovina,43.8563,18.4131,"The Ottoman-era bazaar quarter is where Sarajevo's ""meeting of civilizations"" is most literal — mosques, an Orthodox church, a Catholic cathedral and a synagogue all sit within a few minutes' walk of the Sebilj fountain. Grab a Bosnian coffee in a copper dzezva at one of the quarter's cafes and sit for a while rather than rushing through — it's meant to be sipped slowly over 30-45 minutes.",7
Tara Canyon / Drina rafting (Perućac),BA,Bosnia and Herzegovina,43.9711,19.4142,"Rafting the Drina through Tara National Park's canyon (one of Europe's deepest) starts from Perućac Lake and covers roughly 18km; also worth a quick detour to see the famous ""House on the Drina"" (Kuća na Drini) near Bajina Bašta before or after the float.",1
Trebinje,BA,Bosnia and Herzegovina,42.7106,18.3438,"A relaxed, less-touristed old town centered on a plane-tree-shaded square; it's the heart of Herzegovina's wine country, so a Vranac or Živavka tasting at a nearby vineyard is worth building in.",9
Bastogne,BE,Belgium,50.0036,5.7167,"Epicenter of the WWII Battle of the Bulge, with the Bastogne War Museum and the star-shaped Mardasson Memorial; the museum's multimedia tour runs long, so allocate a half day and get the combined ticket with the memorial.",2
Bruges,BE,Belgium,51.2093,3.2247,The canal-ringed medieval core is best appreciated from the Belfry tower (366 steps) over the Markt; go right at opening before the day-tripper coach crowds arrive.,4
Ghent,BE,Belgium,51.0543,3.7174,"Gravensteen castle (its audio tour is included and worth doing) and the Graslei/Korenlei waterfront are the highlights, with a noticeably more local, student-city feel and far smaller crowds than Bruges's equivalent sights.",4
Melnik,BG,Bulgaria,41.5333,23.3833,"Bulgaria's smallest town, wedged among eroded sandstone pyramid formations, known for traditional wine cellars carved into the sandstone; pair it with a stop at nearby Rozhen Monastery and try the local Melnik wine straight from a cellar (mehana).",1
Plovdiv,BG,Bulgaria,42.1354,24.7453,"One of Europe's oldest continuously inhabited cities, with a cobbled old town of Ottoman-era houses and a still-functioning 2nd-century Roman theatre used for concerts; the Kapana creative district next door is worth an evening for food and bars.",3
Plovdiv (Old Town / Roman Theatre),BG,Bulgaria,42.1354,24.7453,"One of Europe's oldest continuously inhabited cities, with a cobbled old town of Ottoman-era houses and a still-functioning 2nd-century Roman theatre used for concerts; the Kapana creative district next door is worth an evening for food and bars.",1
Rhodope Mountains,BG,Bulgaria,41.65,24.75,"Mountain range in southern Bulgaria dotted with traditional stone-and-wood villages (Kovachevitsa, Leshten) and nature sites like the Trigrad Gorge and Yagodina cave; pick one or two villages plus a natural feature rather than trying to cover the whole range in a day.",1
Rila Monastery,BG,Bulgaria,42.1333,23.34,"Bulgaria's most revered monastery, famous for its striped Renaissance-era arcades and vivid frescoes, tucked in a valley in the Rila mountains; it's about a 2-hour drive from Sofia and gets swarmed by tour buses around midday, so aim for early morning.",5
Sofia,BG,Bulgaria,42.6977,23.3219,"Bulgarian capital centered on the gold-domed Alexander Nevski Cathedral and a compact old town mixing Roman ruins (the Serdika complex), the St. George Rotunda, and Ottoman-era mosques within walking distance of each other.",5
Sofia (Alexander Nevski Cathedral),BG,Bulgaria,42.6977,23.3219,"Bulgarian capital centered on the gold-domed Alexander Nevski Cathedral and a compact old town mixing Roman ruins (the Serdika complex), the St. George Rotunda, and Ottoman-era mosques within walking distance of each other.",1
Veliko Tarnovo,BG,Bulgaria,43.0757,25.6172,"Bulgaria's medieval capital, built around the Tsarevets fortress ruins on a hilltop looped by the Yantra river gorge; a sound-and-light show is still staged there in 2026, but only on holidays/special occasions (not nightly), so check the schedule before counting on it.",1
Vitosha Mountain,BG,Bulgaria,42.5667,23.2833,"Mountain rising right at Sofia's southern edge, popular for an easy hiking or skiing day trip via the Simeonovo gondola; the Boyana waterfall and Cherni Vrah peak are the two highlights most visitors miss if they don't go beyond the ski-lift area.",1
Al Fateh Grand Mosque,BH,Bahrain,26.2361,50.5464,"One of the largest mosques in the world by worshipper capacity (around 7,000); open to non-Muslim visitors with guided tours and appropriate dress provided on-site.",3
Bahrain National Museum,BH,Bahrain,26.2367,50.5936,Houses the actual Dilmun-era burial mound artifacts and grave goods excavated from the thousands of tumuli scattered across the island.,3
Qal'at al-Bahrain (Bahrain Fort),BH,Bahrain,26.2333,50.5217,"UNESCO-listed as the former capital of the Dilmun civilization — excavations show roughly 4,000 years of continuous layered occupation on the same mound.",3
Tree of Life,BH,Bahrain,25.9167,50.5833,"A roughly 400-year-old mesquite tree standing alone in barren desert with no visible water source nearby — its survival is genuinely unexplained, which is the whole draw.",2
"Abomey (royal palaces, UNESCO)",BJ,Benin,7.1833,1.9833,"The UNESCO-listed royal palaces of the former Kingdom of Dahomey, with historical bas-relief walls narrating each king's reign and a museum built into the palace compound. Allow a guide (mandatory/included) to decode the bas-reliefs — the symbolism is unreadable without one.",2
Ganvié (stilt village on the lake),BJ,Benin,6.4667,2.4167,"Known as the ""Venice of Africa,"" Ganvié was built entirely on stilts over Lake Nokoué by the Tofinu people, who fled inland Fon slave-raiders under a religious taboo that kept warriors off the water. Go by motorized pirogue in the early morning when the floating market and daily lake life are actually active, not just staged for tour boats.",2
"Ouidah (Route des Esclaves, Door of No Return)",BJ,Benin,6.3667,2.0833,"Follow the 4km Route des Esclaves memorial walk from the old slave auction point to the beachside Door of No Return monument; Ouidah is also Benin's Vodun spiritual capital, so pair it with the Python Temple in town. Walk the route in the direction the enslaved were marched (town to sea) for the intended narrative arc.",2
Bandar Seri Begawan,BN,Brunei,4.9031,114.9398,"Sultan Omar Ali Saifuddien Mosque is the iconic sight; Istana Nurul Iman (the Sultan's palace, one of the largest residential palaces in the world) is closed to the public except during the open-house days around Eid.",3
Kampong Ayer,BN,Brunei,4.8875,114.9425,"One of the world's largest stilt-house settlements, still home to tens of thousands of residents — worth walking the boardwalks rather than just viewing it from the river.",3
Ulu Temburong NP,BN,Brunei,4.5333,115.1667,"The aerial canopy walkway (steep steel tower structure) is the highlight, giving views over the rainforest canopy after the longboat approach and jungle trek.",2
Ulu Temburong NP (guided day tour),BN,Brunei,4.5333,115.1667,"Brunei's pristine rainforest reserve, reachable only by longboat plus a jungle walk, centers on a roughly 40m-high canopy walkway above the treetops and a swim/tube stop at a jungle waterfall. Access is guided-tour only and must be booked in advance — arrange it before arriving in Brunei rather than counting on walk-up availability.",1
Colored lagoons & geysers (Eduardo Avaroa NP),BO,Bolivia,-22.3333,-67.7833,"Laguna Colorada's red algae-tinted water with flamingos and the Sol de Mañana geyser field are the highlights near the Chilean border; visit the geysers at dawn when steam and colors are most visible, and dress for well below freezing since you're near 5,000m altitude.",1
Copacabana,BO,Bolivia,-16.1667,-69.0833,"Lakeside base for boat trips to Isla del Sol (Inca sun-birthplace legend); Saturdays see the ""blessing of the vehicles"" ritual outside the basilica, worth timing a visit around.",4
Incahuasi Island,BO,Bolivia,-20.2667,-67.6667,"A rocky island in the middle of the salt flat covered in centuries-old giant cacti, with a short climb to a panoramic viewpoint; small entrance fee (around 30 Bolivianos), usually the lunch stop on day one of the jeep tour.",1
Isla del Sol (day trip),BO,Bolivia,-16.0167,-69.1667,"Considered the mythological birthplace of the Inca sun god, with Inca ruins, terraces, and a ridge trail with lake views on both sides; take the earlier catamaran/boat from Copacabana for enough daylight to walk the full north-to-south route, and carry small bills for local community entry fees along the way.",1
La Paz,BO,Bolivia,-16.5,-68.1193,"Ride the Mi Teleférico cable-car network — it's actual public transit, not a tourist ride, and gives the cheapest panoramic views of the city bowl; browse the Mercado de las Brujas (Witches' Market) for dried llama fetuses and folk-medicine stalls.",3
La Paz (departure buffer),BO,Bolivia,-16.5,-68.1193,"A deliberate buffer day before flying home, not a must-see stop — if you have spare hours, wander the San Francisco Church/Mercado Lanza area, or fit in Valle de la Luna or the Teleférico if you haven't done them yet.",1
Mi Teleférico (cable car),BO,Bolivia,-16.5,-68.1193,The world's most extensive urban cable-car transit network; riding a line (Red or Yellow) is the easiest way to see La Paz's dramatic bowl-shaped cityscape and El Alto above it. Ride mid-morning on a clear day for best visibility and take a round trip rather than just one leg.,1
Potosí,BO,Bolivia,-19.5836,-65.7531,"Cerro Rico mine tours (led by ex-miners) are the main draw but genuinely rough — dusty, hot, cramped tunnels, not for anyone claustrophobic or with breathing issues; it's among the highest cities in the world so pace yourself on arrival.",3
Sucre,BO,Bolivia,-19.0333,-65.2627,"The constitutional capital's old town is a solid, walkable break from altitude — noticeably milder climate than La Paz/Potosí at ~2800m; Casa de la Libertad is where Bolivia's independence was declared.",3
Train Cemetery,BO,Bolivia,-20.2167,-66.85,"A rusted graveyard of abandoned 19th/20th-century steam locomotives in the desert, usually the first stop on salt flat tours; only takes 30-45 minutes, so treat it as a quick sunrise-light photo stop rather than a highlight in itself.",1
Uyuni Salt Flat,BO,Bolivia,-20.1338,-67.4891,"Go wet season (roughly Dec-Apr) for the mirror effect, dry season for the cracked-hexagon surface photos everyone associates with Uyuni; Isla Incahuasi's giant cacti make a good midday stop, and the rusting Train Cemetery near Uyuni town is a free add-on.",4
Valle de la Luna,BO,Bolivia,-16.5667,-68.0667,"A compact badlands of eroded clay and rock spires just outside La Paz — not the more famous Atacama site of the same name — walkable in about an hour on a signed loop trail; go in the afternoon for warmer light on the formations, easy cheap minibus ride from the city center.",1
Witches' Market,BO,Bolivia,-16.4958,-68.1381,"Calle Jaén/Sagárnaga's Mercado de las Brujas sells traditional Aymara ritual items, most memorably dried llama fetuses used as house-blessing offerings to Pachamama. Browsing takes under an hour, prices are largely fixed so don't expect much bargaining, and ask before photographing vendors or stalls.",1
Washington Slagbaai National Park,BQ,Bonaire,12.3167,-68.4167,"The park is a self-drive loop with a long, rough high-clearance route and a shorter alternative — pick based on your rental car and time. Note the gate stops admitting visitors at 2:30pm even though the park closes at 5pm, and entry uses the same $40 STINAPA nature-fee tag (valid the full calendar year) as Bonaire's marine park, not a separate ticket.",4
diving/snorkeling (marine park),BQ,Bonaire,12.15,-68.2833,"Nearly all ~90 dive and snorkel sites ring the entire coast and are shore-accessible, marked by yellow-painted rocks, so no boat is needed for most of them — for the clearest water, take the short water-taxi to uninhabited Klein Bonaire's reefs instead. The same $40 STINAPA tag required to dive/snorkel here also covers Washington Slagbaai, so it only needs buying once per trip.",4
Belém,BR,Brazil,-1.4558,-48.5039,"Ver-o-Peso is one of Latin America's largest open-air markets, with an Amazonian fish auction, riverboat cargo unloading, and stalls of herbal/folk medicine unique to the region. Go early (6-8am) to catch the fish auction and the market at its most active, before the midday heat sets in.",3
Curitiba,BR,Brazil,-25.4284,-49.2733,"Known for pioneering urban planning (BRT bus system, extensive green space); the Wire Opera House (Ópera de Arame), a glass-and-tube-steel structure, is a distinctive quick stop.",2
Florianópolis,BR,Brazil,-27.5954,-48.548,An island city with 40+ beaches and a strong surf culture; Lagoa da Conceição is the social/nightlife hub if wanting more than just beach time.,2
Fortaleza,BR,Brazil,-3.7172,-38.5433,"Functions mainly as the regional flight gateway rather than a headline stop, but it's worth a half-day for the Mercado Central (multi-floor hammock/craft market) and, if timing allows, Thursday night forró at spots like Pirata Bar — one of Brazil's best-known forró nights. If you're just passing through en route to Jericoacoara/Lençóis, budget minimal time here beyond the transfer.",3
Foz do Iguaçu (Iguazu Falls),BR,Brazil,-25.5478,-54.5882,"The Brazilian side gives sweeping panoramic views of the falls as a whole, while the close-up walkways and the Devil's Throat viewpoint are mainly accessed from the Argentine side — worth doing both if the route allows crossing.",2
Ilha do Marajó,BR,Brazil,-0.7167,-48.5167,"Beyond the water buffalo, Marajó is known for the Marajoara — a pre-Columbian culture famous for elaborately painted ceramics, some displayed at small local museums on the island. The ferry from Belém takes about 3 hours, and interior roads are unpaved and flood-prone, so the dry season (roughly June-December) is far more practical for getting around than the wet months.",3
Ilha do Mel,BR,Brazil,-25.5333,-48.3167,"Car-free island reachable only by boat — no vehicles at all, which makes it a genuinely quiet contrast to the mainland cities; has ruins of an old Portuguese fortress (Fortaleza Nossa Senhora dos Prazeres).",2
Jericoacoara,BR,Brazil,-2.7975,-40.5137,"Every evening, locals and visitors climb the Duna do Pôr do Sol (Sunset Dune) right in town and applaud when the sun drops — a genuine local ritual, not a tourist gimmick. It's also one of the world's top kitesurfing spots, with the strongest, most consistent wind roughly August-January; note there's no paved road into town, so plan on a 4x4/dune-buggy transfer from Jijoca.",3
Lençóis Maranhenses,BR,Brazil,-2.5,-43,"The park's famous turquoise lagoons form purely from rainwater pooling in the dune valleys, and are fullest and bluest roughly June-September — later in the year many dry out to bare sand. Base yourself in Barreirinhas (or the quieter Atins) and take a 4x4 out to Lagoa Azul/Lagoa Bonita at sunrise or late afternoon, both for the light and to skip the midday heat crossing the dunes.",3
Paraty,BR,Brazil,-23.2178,-44.7131,"Cobblestone colonial streets that intentionally flood at high tide (a centuries-old drainage design, not a defect) — plan footwear accordingly; it's also a hub for cachaça production/tastings.",2
Rio de Janeiro,BR,Brazil,-22.9068,-43.1729,Christ the Redeemer (via cog train or van up Corcovado) and the Sugarloaf cable car are the two signature viewpoints; book Sugarloaf for late afternoon to catch sunset over the bay from the second peak.,2
São Paulo,BR,Brazil,-23.5505,-46.6333,"Brazil's largest and most food-diverse city — worth planning around specific neighborhoods/cuisines rather than sightseeing checklist stops; Avenida Paulista closes to car traffic on Sundays, turning into a pedestrian/cycling strip.",2
"Bumthang (optional, by flight Paro-Bumthang)",BT,Bhutan,27.5405,90.7438,"Considered Bhutan's spiritual heartland, with some of the country's oldest temples (Jambay Lhakhang, Kurjey Lhakhang) in one valley; worth the extra flight mainly if you have a specific interest in Buddhist history rather than more dzong/valley scenery.",2
Dochula Pass,BT,Bhutan,27.3025,89.6529,"A ridge of 108 memorial chortens (Druk Wangyal Chortens) marks the pass, with a clear-morning view across the eastern Himalayan range including Gangkhar Puensum; clouds usually roll in by mid-morning, so pass through early if the peaks matter to you.",2
Paro,BT,Bhutan,27.4305,89.4133,"Bhutan's only international airport sits here, and the town's own draw beyond arrival is the National Museum (Ta Dzong) and Rinpung Dzong — worth a half-day separate from the Tiger's Nest hike.",2
Punakha,BT,Bhutan,27.5921,89.8797,"Punakha Dzong, at the confluence of the Mo Chhu and Pho Chhu rivers, is widely considered Bhutan's most beautiful fortress-monastery and is reached via a long cantilevered wooden footbridge; jacarandas frame it in bloom March-April.",2
Thimphu,BT,Bhutan,27.4728,89.639,The capital has no traffic lights — a white-gloved officer directs the main intersection by hand — and its best stops are the giant Buddha Dordenma statue overlooking the valley and the weekend market where farmers sell produce from across the country.,2
Tiger's Nest Monastery,BT,Bhutan,27.4919,89.3628,"Paro Taktsang clings to a cliff face 900m above the valley floor and the round-trip hike (roughly 4-5 hours total) is usually built around a full day; start at first light to beat both the heat on the exposed switchbacks and the crowds, and treat the halfway cafeteria as a viewpoint/rest stop even if going no further.",2
Central Kalahari,BW,Botswana,-21.8833,23.9333,"Known for black-maned Kalahari lions and San Bushmen-guided bush walks; this is Botswana's most remote and least-visited major reserve, with far lower vehicle density than Chobe or the Delta.",4
Chobe NP,BW,Botswana,-18.6167,24.7167,The Chobe riverfront has the highest elephant density in Africa; a late-afternoon boat cruise (not a driven game drive) is the standard way to see large herds and buffalo coming to drink at the water's edge.,4
Kasane,BW,Botswana,-17.8167,25.15,"Small riverside town with its own airport, functioning purely as the access point for Chobe — most visitors overnight here only to transfer into the park or river lodges.",4
Makgadikgadi Pans,BW,Botswana,-20.6,25.25,One of the largest salt pan systems on Earth; hosts Africa's second-largest zebra migration (roughly December-April) and is known for quad-biking across the open pan and meerkat habituation encounters at its fringes.,4
Okavango Delta (Maun),BW,Botswana,-19.9833,23.4167,Maun is purely the logistics hub — light aircraft transfers into delta camps leave from here; the delta itself is explored by mokoro (poled dugout canoe) through the flooded channels rather than by vehicle.,4
Ambergris Caye (San Pedro),BZ,Belize,17.9086,-87.9613,"More developed and pricier than Caye Caulker; same Hol Chan/Shark Ray Alley snorkel trips depart from here, plus it's the better base for diving the Blue Hole.",2
Belize City,BZ,Belize,17.5046,-88.1962,Little to draw an overnight stay; most travelers pass straight through between the airport/water taxi terminal and the cayes.,2
Caye Caulker,BZ,Belize,17.7414,-88.0275,"Slower, more budget/backpacker vibe than San Pedro (""Go Slow"" is the island's actual motto); ""The Split"" is the go-to swimming/bar spot, and snorkel trips to Hol Chan Marine Reserve/Shark Ray Alley leave from here too.",2
Hopkins/Dangriga,BZ,Belize,16.9833,-88.2333,"Center of Garifuna culture — drumming lessons and cultural centers are the highlight; also the access point for Cockscomb Basin Wildlife Sanctuary, the world's first jaguar reserve (jaguars are rarely seen, but it's a solid hiking/birding spot).",2
Placencia,BZ,Belize,16.5167,-88.3667,"Laid-back beach peninsula; highlight is whale shark diving/snorkeling near Gladden Spit, seasonal around the full moons roughly March–June, plus manatee-watching trips into Placencia Lagoon.",2
San Ignacio,BZ,Belize,17.1594,-89.0685,"Base for the Actun Tunichil Muknal (ATM) cave — regarded as one of the best cave tours in the world, wading/swimming to Maya skeletal remains and ceramics; cameras have been banned inside since 2012 after a tourist dropped one on a skull.",2
Banff National Park,CA,Canada,51.4968,-115.9281,"Canada's oldest national park and the region's hub — Banff townsite sits in the Bow Valley surrounded by peaks, with easy access to Sulphur Mountain and Lake Minnewanka. Take the Banff Gondola up Sulphur Mountain for the valley panorama, or drive the Bow Valley Parkway (not the highway) at dawn/dusk for the best wildlife odds.",2
Cape Breton Island & Cabot Trail,CA,Canada,46.2036,-60.6136,"The Cabot Trail's cliffside loop through Cape Breton Highlands National Park is Atlantic Canada's signature scenic drive, with whale-watching out of Pleasant Bay/Chéticamp along the way. Since this leg has no rental car, public transit doesn't meaningfully cover the island — book a small-group tour (e.g. Cabot Discovery Tours, departing Halifax/Baddeck) rather than assuming buses or trains can piece the loop together.",2
Gastown & Kitsilano Beach,CA,Canada,49.2837,-123.1064,"Gastown's cobblestone streets and steam clock cover Vancouver's Victorian-era origins, while Kitsilano Beach pairs a sandy beach with mountain and city-skyline views. Kitsilano's heated outdoor saltwater pool (one of the longest in Canada) is worth the small admission fee, and Gastown is best walked early morning before it gets touristy.",2
Granville Island,CA,Canada,49.2714,-123.1348,"A working public market plus artisan studios (glassblowing, pottery, woodworking) packed onto a small former industrial peninsula. Skip driving — take the tiny Aquabus or False Creek Ferry from downtown instead, since parking is scarce and the ferry ride is part of the appeal.",2
Halifax,CA,Canada,44.6488,-63.5752,"The Halifax Waterfront Boardwalk and the Maritime Museum of the Atlantic (with real Titanic recovery artifacts, since Halifax handled many of the bodies) anchor the city; climb Citadel Hill for a free harbour view and the daily noon gun.",2
Icefields Parkway,CA,Canada,52.2,-117.2,"Beyond the drive itself, the two standout stops are the Columbia Icefield (Athabasca Glacier) and Peyto Lake's wolf-head-shaped viewpoint. Only walk onto the glacier with a guided tour (crevasses make it unsafe solo) and hit Peyto Lake early morning before tour buses fill the viewing platform.",2
Jasper National Park,CA,Canada,52.8737,-118.0814,"Wilder and quieter than Banff, with Maligne Lake's boat cruise to Spirit Island and one of the world's largest accessible Dark Sky Preserves for stargazing. As of 2026 Jasper is fully reopened after the 2024 wildfire (Columbia Icefield, Maligne Lake/Canyon, most trails all open), though Cavell Road and Maligne Canyon's day-use area remain closed for the season, so check current closures before finalizing plans. Book the Maligne Lake boat tour ahead — it's the only way to reach Spirit Island.",2
Lake Louise & Moraine Lake,CA,Canada,51.4254,-116.1773,"The glacial rock flour suspended in the meltwater is what gives both lakes their turquoise colour, and the view improves the higher you climb above them. From Lake Louise, hike up to the Lake Agnes Tea House (about 3.4 km, 1.5-2 hours) for a lake-and-glacier view well above the shoreline crowds.",2
Lunenburg,CA,Canada,44.3767,-64.3097,"UNESCO-listed for its intact, brightly-painted 18th-century colonial waterfront and home port of the famous Bluenose schooner (its successor, the Bluenose II, is docked here when not out sailing); the Fisheries Museum of the Atlantic on the wharf covers both the town's history and the ship.",2
Montreal (Old Port & Mile End),CA,Canada,45.5019,-73.5674,"The Old Port's cobblestones and old grain silos carry the colonial-waterfront side, while Mile End is the low-key creative/food neighbourhood — the St-Viateur vs. Fairmount wood-fired-bagel rivalry is worth joining the queue for to actually taste the difference.",2
Mount Robson Provincial Park,CA,Canada,53.1216,-119.1465,"The Canadian Rockies' highest peak (3,954 m), usually wrapped in its own cloud cap (""Yuh-hai-has-kun,"" the mountain of the spiral road to First Nations). The multi-day Berg Lake Trail to its base reopened in June 2025 after 2021 flood damage and is fully running for 2026 — book campground reservations well ahead as they're released months in advance and fill fast; otherwise the highway viewpoint near the visitor centre gives a solid view without hiking.",2
North Shore (Grouse Mountain / Capilano Suspension Bridge),CA,Canada,49.3796,-123.0902,"Capilano's 137m suspension bridge and treetop Cliffwalk, plus Grouse Mountain's grizzly bear refuge and gondola, are the North Shore's two signature stops. Fit hikers can climb the steep Grouse Grind (roughly 1.5-2 hours) and ride the gondola down for free; otherwise visit Capilano first thing in the morning to beat the tour-bus crowds.",2
Ottawa (Parliament Hill & museums),CA,Canada,45.4215,-75.6972,"Parliament Hill's Gothic Revival Centre Block and the summer changing-of-the-guard ceremony are the marquee sight; the Canadian Museum of History, just across the river in Gatineau, is easy to miss but worth the short extra trip beyond the downtown museums.",2
Peggy's Cove,CA,Canada,44.4918,-63.9148,"The lighthouse perched on wave-smoothed granite is the classic Nova Scotia shot, best visited at sunrise before the tour buses arrive; stay well back from the dark, wet rocks near the water — rogue waves have swept visitors off them, and it's a real, recurring safety warning, not just a sign for show.",2
Quebec City (Vieux-Québec),CA,Canada,46.8139,-71.208,"Vieux-Québec is the only walled city north of Mexico, with Château Frontenac looming over the Terrasse Dufferin; duck into the Petit-Champlain quarter's narrow lanes for the best feel of 17th-century New France.",2
Stanley Park,CA,Canada,49.3017,-123.1444,"Vancouver's 400-hectare park is best experienced via its 10 km seawall loop, passing Brockton Point's totem poles and Lions Gate Bridge views. Rent a bike at the park entrance and ride counter-clockwise — it's the mandatory direction for cyclists on the seawall.",2
"Toronto (skyline, with Niagara Falls as a day trip)",CA,Canada,43.6532,-79.3832,"The CN Tower and harbourfront define the skyline view. For the Niagara day trip with no rental car, a direct Megabus/FlixBus from Union Station (~1h35, frequent departures) is the cheapest option, or an organized day-tour bus (~$80-90) if you'd rather not manage transfers yourself.",2
Whistler,CA,Canada,50.1163,-122.9574,"A globally ranked ski resort that runs just as well in summer, anchored by the PEAK 2 PEAK Gondola linking Whistler and Blackcomb mountains with valley views along the way. In summer, ride up for alpine hiking or hit the mountain bike park; book the gondola in advance in peak season to skip ticket-counter queues.",2
Yoho National Park (Emerald Lake),CA,Canada,51.437,-116.5326,"Smaller and far less crowded than Louise or Moraine despite similarly striking colour, plus Takakkaw Falls — one of Canada's tallest waterfalls, fed directly by the Daly Glacier. Rent a canoe on Emerald Lake or walk the easy, flat 5.2 km loop trail around it.",2
Andermatt,CH,Switzerland,46.6336,8.5942,"A once-sleepy garrison village turned into a genuine four-season resort by the Andermatt Reuss redevelopment, and the natural hub for the surrounding pass roads — worth an hour wandering the compact centre rather than treating it as just a fuel stop between passes.",1
Bernese Oberland,CH,Switzerland,46.6244,8.0413,"Beyond the multi-day Jungfrau hiking already noted, the Schilthorn's revolving Piz Gloria restaurant (a Bond film location) and the First cliff walk near Grindelwald are the other two cable-car viewpoints worth the fare here.",1
Furka Pass,CH,Switzerland,46.5747,8.4108,"Famous as the Goldfinger car-chase pass and home to the Rhône Glacier ice grotto — a tunnel re-dug into the ice every year, with two viewing platforms over the glacial lake, reached by a short walk from the Hotel Belvédère near the summit. The grotto typically runs mid/late-June through early October — worth confirming it's open for the season before planning the stop.",1
"Geneva (old town, lake)",CH,Switzerland,46.2044,6.1432,The lakefront Jet d'Eau fountain and the hilltop Vieille Ville (old town) around St. Pierre Cathedral are the two things worth a walk in your one day here. Climb the cathedral's towers for a free view over the old town and lake if time allows.,1
Graubünden / Chur,CH,Switzerland,46.8499,9.532,"Switzerland's oldest town, with a compact, walkable Altstadt (Arcas square, Chur Cathedral) well suited to a short closing-night stop — an hour on foot covers the highlights without needing a full day.",1
Grimsel Pass,CH,Switzerland,46.5717,8.355,"A stark, almost lunar granite landscape dotted with turquoise hydroelectric reservoirs (Grimselsee, Räterichsbodensee) rather than the glacier views of its neighbours. The lakeside Grimsel Hospiz is worth a short stop for the view alone.",1
Interlaken,CH,Switzerland,46.6863,7.8632,"Sitting between Lake Thun and Lake Brienz, Interlaken itself is mainly a logistics and adventure-sports base (paragliding, canyoning) rather than a sight in its own right — treat it as the region's hub, not a destination to linger in.",2
Lauterbrunnen,CH,Switzerland,46.5927,7.9098,"A sheer-walled valley with 72 waterfalls, most famously Staubbach Falls dropping straight past the village; base here or in car-free Wengen/Mürren above it for the region's classic hikes rather than staying down in Interlaken.",1
Lucerne,CH,Switzerland,47.0502,8.3093,"The wooden Chapel Bridge (Kapellbrücke) and its 17th-century roof paintings anchor the old town on the Reuss river, with Lake Lucerne right behind it; walk it around sunset when the water and Mt. Pilatus backdrop light up and day-trippers have thinned out.",1
Lucerne/Lake Lucerne,CH,Switzerland,47.0502,8.3093,"The wooden, tower-flanked Chapel Bridge (Kapellbrücke) anchors a compact, walkable old town; a lake cruise combined with the cogwheel train up Pilatus or Rigi makes a classic half/full-day trip straight from the city.",1
Lugano / Ticino,CH,Switzerland,46.0037,8.9511,"Palm-lined lakefront promenades and pastel piazzas give Lugano a genuinely Italian feel despite being Swiss. Take the funicular up Monte Brè or San Salvatore for a panoramic view over Lake Lugano, ideally in late-afternoon light.",2
Matterhorn / Mattertal,CH,Switzerland,45.9763,7.6586,"The Matterhorn's near-perfect pyramid shape is the visual anchor of the whole valley (Mattertal); the Gornergrat cogwheel railway gives the best panoramic view without any hiking, while the Klein Matterhorn cable car reaches Europe's highest cable car station and a glacier viewing platform. Take the first train/cable car up for the clearest light and to beat the midday cloud buildup that's common on the peak.",2
Sustenpass,CH,Switzerland,46.7314,8.4436,"The quietest and least-trafficked of the three passes, prized for its view of the Steingletscher glacier right from the roadside. Pull off at the marked Steingletscher viewpoint partway along for the best glacier shot.",1
Täsch (parking),CH,Switzerland,46.0489,7.771,"Täsch itself is purely a functional gateway — a car park and shuttle station, nothing to linger for. The shuttle train to Zermatt runs every ~20 minutes and takes only 12 minutes, so there's no need to arrive much earlier than your onward plans require.",2
Wallis / Zermatt (parking at Täsch),CH,Switzerland,46.0207,7.7491,"The payoff for the car-free logistics is the best point-blank Matterhorn views in the Alps; the Gornergrat cogwheel railway is the single best vantage, with the peak on one side and a glacier panorama on the other. Ride it early morning, before afternoon cloud typically builds around the summit.",1
Zermatt (car-free),CH,Switzerland,46.0207,7.7491,"Beyond the car-free logistics, the town's Bahnhofstrasse and the view of the Matterhorn framed above the church of St. Mauritius are the classic Zermatt shots. For the postcard view without a big hike, ride the Gornergrat railway or walk up to the small chapel/lake viewpoints just above town.",2
Zurich,CH,Switzerland,47.3769,8.5417,"Beyond the compressed opening night, the Altstadt's Grossmünster and Niederdorf lanes plus a lakeside stroll along Lake Zurich fill a short evening well — with only a few hours, skip the museums and just walk the old-town-to-lake loop.",1
Abidjan (Le Plateau),CI,Ivory Coast,5.36,-4.0083,"Le Plateau is Abidjan's skyscraper CBD on a lagoon peninsula — West Africa's most modern skyline, anchored by the striking Cathédrale Saint-Paul; walk it in late afternoon when the lagoon light and rush-hour energy peak.",2
Grand-Bassam (UNESCO colonial town),CI,Ivory Coast,5.2107,-3.738,"The former French colonial capital (UNESCO-listed since 2012) has a slowly decaying strip of colonial administrative buildings and merchant houses along the beach, plus the N'zima artisan quarter next door; go on a weekday morning to see the buildings without the Abidjan weekend day-tripper crowds.",2
Aitutaki Lagoon,CK,Cook Islands,-18.8333,-159.7833,One Foot Island (Tapuaetai) is a specific islet stop on lagoon cruises where you can get an unofficial foot-shaped passport stamp; it's a well-known novelty souvenir from the trip.,2
Rarotonga,CK,Cook Islands,-21.2367,-159.7777,There are no traffic lights on the island and just one road that circles the coastline (about 32km); the reef-protected lagoon means calm swimming water right off most of the main road.,2
Antofagasta,CL,Chile,-23.6509,-70.3975,"Main reason to stop is La Portada, a natural rock arch monument just north of the city on the coast; otherwise it's mostly a mining/logistics city rather than a sightseeing stop.",2
Chiloé Island (day trip),CL,Chile,-42.4827,-73.7626,"Known for UNESCO-listed wooden stilt churches and Castro's colorful palafitos (houses on stilts over the water). With only a day, concentrate on Castro itself (palafitos plus one or two nearby churches like Nercón) rather than trying to cover the wider archipelago.",3
Iquique,CL,Chile,-20.2141,-70.1522,Paragliding off the giant sand dune (Dune Cerro Dragón) that looms over the city is the signature activity; the nearby abandoned saltpeter ghost towns Humberstone and Santa Laura (UNESCO-listed) are an easy half-day trip.,2
Parque Pumalín,CL,Chile,-42.6083,-72.4886,Douglas Tompkins' former private reserve (now a national park) protects old-growth alerce forest and temperate rainforest around volcanic terrain. Enter at Caleta Gonzalo — reached by ferry from Hornopirén in summer (Jan-Feb) or overland via Chaitén the rest of the year — and do the short Cascadas Escondidas or Sendero Los Alerces trail if time is tight.,3
Puerto Montt,CL,Chile,-41.4693,-72.9424,"Gateway city on the Reloncaví Sound whose real highlight is the Angelmó waterfront market for fresh seafood and Mapuche/Chilote crafts — worth a couple hours before heading onward, but it's mostly a transit hub, not a destination in itself.",3
Puerto Natales,CL,Chile,-51.7236,-72.4875,"Working waterfront town on the Señoret Channel that's the last stop to rent gear and stock up before Torres del Paine. If you have spare time, the restored Puerto Bories wool/meat-processing plant (now part of The Singular hotel) is worth a quick look.",3
Puerto Río Tranquilo & Marble Caves,CL,Chile,-46.6333,-72.6667,"The Capillas/Catedral de Mármol are marble rock formations on General Carrera Lake, reachable only by a short boat or kayak tour from town. Go early for the best light, and aim for lower-water months (roughly Sept-Feb, before summer snowmelt raises the lake) so boats can actually get inside the caves.",3
Punta Arenas (day trip to Isla Magdalena),CL,Chile,-53.1638,-70.9171,"Beyond the penguin-colony boat trip, downtown's Plaza Muñoz Gamero and the Nao Victoria Museum (full-size replica historic ships) fill out the rest of a day here. Note the Isla Magdalena boats only run in austral summer (roughly November-March) — outside that window it isn't a viable day trip at all.",3
Queulat National Park,CL,Chile,-44.4667,-72.5667,"Centered on the Ventisquero Colgante, a glacier hanging off a cliff face with waterfalls dropping into the lagoon below. The lookout trail is under an hour round-trip, but the lagoon boat/kayak trip gets you much closer to the ice.",3
San Pedro de Atacama,CL,Chile,-22.9098,-68.1997,"Tiny adobe-built village that's really just a base — book Tatio Geysers trips the night before since they leave around 4am to catch the geysers at their most active at sunrise, and stargazing tours here are rated among the best in the world thanks to the dry, dark desert sky.",2
Torres del Paine National Park,CL,Chile,-50.9423,-73.0357,"The draw is the granite towers themselves and Grey Glacier, usually seen via the multi-day W trek. Buy the park entrance ticket online ahead of time — it's date-stamped and capacity-limited, separate from refugio bookings.",3
Valle de la Luna,CL,Chile,-22.9167,-68.3,"The Mirador de Ckari sunset viewpoint has been closed since a 2025/2026 earthquake plus road-widening works on the nearby Bioceanic Route, and remains shut as of 2026 — sunset tours now use an alternate viewpoint, so don't plan around Ckari specifically. Park gates run roughly 8:30am–6:30pm with last entry around 5pm.",2
Valle del Arcoíris,CL,Chile,-23.1667,-68.2833,"Less visited than Valle de la Luna, with mineral-streaked red/green/purple rock strata from copper and other oxidation — good for a quieter, less touristy alternative on the same general route.",2
Villa Cerro Castillo,CL,Chile,-45.85,-72.15,"Small village serving as the base for Cerro Castillo's jagged granite spires, a multi-day trekking circuit often compared to Torres del Paine but far less crowded. Buy the CONAF entry permit online in advance via PasesParques.cl; note that some side trails (Estero Parada, Laguna Castillo) are now closed to independent hikers and require a certified guide.",3
Douala,CM,Cameroon,4.0511,9.7679,"Cameroon's economic capital and main port — busier and more chaotic than scenic, worth the Marché des Fleurs and Doual'art's contemporary-art scene rather than lingering; most visitors treat it as a gateway and move on within a day.",2
"Kribi (Chutes de la Lobé, black beaches)",CM,Cameroon,2.9333,9.9167,"Beyond the Chutes de la Lobé, Kribi itself is a laid-back fishing town with black-sand beaches and fresh grilled-fish shacks along the shore. Take a pirogue right up to the base of the falls rather than viewing only from the clifftop — it's a different, better view.",2
Yaoundé,CM,Cameroon,3.848,11.5021,"Built across seven hills, calmer and greener than Douala, with the National Museum and Mont Fébé's viewpoint over the city as the main draws. One day covers it comfortably before continuing to Kribi.",2
Beijing,CN,China,39.9042,116.4074,"For the Great Wall, Mutianyu is a better day-trip choice than Badaling — less crowded, with a cable car up and a toboggan ride down.",2
Chengdu,CN,China,30.5728,104.0668,"Giant pandas at the Chengdu Research Base are most active in the early morning before ~9-10am, then nap most of the day — go straight to the gate at opening.",2
Guilin/Yangshuo (Li River),CN,China,25.2736,110.29,"Skip the full Guilin-to-Yangshuo Li River cruise (4-5hrs, pricier) and instead bus to Yangdi and do the shorter Yangdi-to-Xingping rafting/cruise stretch, widely considered the more scenic section; Yangshuo itself is the base for cycling/rock-climbing along the Yulong River.",2
Shanghai,CN,China,31.2304,121.4737,"The Bund/Pudong skyline lighting turns on at dusk, so time a visit for early evening; Yuyuan Garden gets extremely crowded by mid-morning, so go right at opening if you want it calm.",2
Xi'an,CN,China,34.3416,108.9398,"Terracotta Army is spread across 3 excavation pits at the museum ~1hr east of the city; arrive at opening (before tour buses hit around 9-10am) since it's a huge, slow-moving crowd once full.",2
Zhangjiajie,CN,China,29.117,110.4794,The park's Bailong glass elevator and the separate Zhangjiajie Grand Canyon Glass Bridge (plus Tianmen Mountain's glass skywalk) require shoe covers and can have long queues/timed tickets on busy days; bring cash for local cable cars.,2
Bogotá,CO,Colombia,4.711,-74.0721,"La Candelaria's colonial core, the Gold Museum (pre-Columbian goldwork), and the Monserrate hilltop church/viewpoint (funicular or cable car up) are the core sights.",3
Cartagena,CO,Colombia,10.391,-75.4794,The walled Old Town and Getsemaní's street-art alleys are the highlight — walk the ramparts at sunset for the best light and breeze.,3
Medellín,CO,Colombia,6.2442,-75.5812,"Comuna 13's outdoor escalators and graffiti tour is the signature activity; the Metrocable gondola up to Parque Arví is a cheap, easy way to see the city's hillside barrios from above.",3
Parque Tayrona,CO,Colombia,11.3125,-74.0361,"The draw is jungle-meets-Caribbean beaches (Cabo San Juan is the iconic one), reached by a 1-2hr hike or horseback from the entrance; the park closes to visitors for roughly a month most years (usually within Jan-Feb and/or June) for indigenous cultural rest, so check current closure dates before planning around it.",3
Salento & Coffee Zone,CO,Colombia,4.6374,-75.5701,"Valle de Cocora's wax palm hike (Colombia's national tree, some of the tallest palms in the world) is the must-do; old WWII-era Jeep Willys serve as shared taxis to the trailhead.",3
San Agustín,CO,Colombia,1.8792,-76.2661,A UNESCO archaeological park of enigmatic pre-Columbian stone statues scattered through forest and farmland — one of South America's most significant and least-visited ancient sites.,3
Santa Marta,CO,Colombia,11.2408,-74.199,"Mostly a jumping-off point rather than a destination in itself — it's the trailhead for the Lost City (Ciudad Perdida) multi-day trek and the hill town Minca (waterfalls, coffee farms) is a nearby detour.",3
La Fortuna/Arenal,CR,Costa Rica,10.4667,-84.6431,"The volcano itself has been dormant since activity stopped around 2010, but the area's hot springs (ranging from budget public ones to pricier resort-style like Tabacón) and La Fortuna waterfall remain the main draws.",3
Liberia,CR,Costa Rica,10.6346,-85.437,Mostly a transit hub for Guanacaste beaches and Rincón de la Vieja volcano; the small historic center has a few whitewashed colonial buildings but isn't a destination in itself.,3
Manuel Antonio,CR,Costa Rica,9.3925,-84.1425,"Combines a small national park (sloths, capuchin and squirrel monkeys often visible right along the trails) with beach access; get there early as daily visitor numbers are capped.",3
Monteverde,CR,Costa Rica,10.3009,-84.8246,"Cloud forest reserve known for hanging bridges, zip-lining canopy tours, and guided night walks that are your best shot at spotting sloths and kinkajous.",3
Puerto Viejo de Talamanca,CR,Costa Rica,9.6558,-82.7553,"Caribbean, Afro-Caribbean-influenced vibe distinct from the Pacific side; renting a bike to ride the coastal road to nearby beaches (Cocles, Playa Chiquita) and a stop at the Jaguar Rescue Center are the classic activities.",3
Santa Teresa,CR,Costa Rica,9.6461,-85.167,A laid-back surf town with a strong yoga-retreat scene; more upscale/expensive than most other Pacific beach towns on this route.,3
Cienfuegos,CU,Cuba,22.1496,-80.4394,"Known as the ""Pearl of the South"" — a French-influenced colonial center (its own separate UNESCO site, distinct from Havana/Trinidad) built around the Prado boulevard and the Moorish-style Palacio de Valle. Climb the Palacio de Valle's rooftop terrace/bar for a view over the bay, small entry fee, easily missed by day-trippers who only see the ground floor.",3
Havana (Habana Vieja),CU,Cuba,23.1136,-82.3666,"UNESCO-listed old town centered on Plaza Vieja and Plaza de la Catedral, with 1950s American classic cars doubling as everyday taxis along the Malecón seafront. Walk the old town early morning or sunset — midday heat is brutal and the light on the colonial facades is better anyway.",3
Trinidad,CU,Cuba,21.8047,-79.9825,"Beyond the cobblestoned Plaza Mayor core, the real highlight is the Valle de los Ingenios (Valley of the Sugar Mills) just outside town. Climb the Manaca Iznaga tower for the valley view, and pair the town with a half-day at nearby Playa Ancón beach.",3
Viñales Valley,CU,Cuba,22.6167,-83.7097,"The draw is the landscape itself: dramatic limestone mogotes ringing red-soil tobacco farms, best seen by visiting a working finca to watch cigars hand-rolled. Go at sunrise, mist still clings to the mogotes and it's before the day-trip buses from Havana arrive.",3
"Fogo (Pico do Fogo volcano, vineyards)",CV,Cape Verde,14.9481,-24.3553,"The vineyards aren't just ""on volcanic soil"" incidentally — Chã das Caldeiras is a village literally inside the still-active caldera, where farmers grow grapes and manioc in the black ash right beside the 2014-15 lava flows that partly destroyed it. A licensed local guide is legally mandatory for the summit climb (no solo hikes) — start at 5-7am to beat the midday heat and reach the top before clouds roll in.",3
"Santo Antão (Ribeira Grande, Paúl Valley)",CV,Cape Verde,17.1833,-25.0667,"The classic point-to-point trail drops from the Cova crater rim through terraced sugarcane/coffee plots down to Paúl Valley's lush ravine floor — a single hike covers desert-dry crater and green valley in one descent. Arrange a one-way guide/transport in advance (it's not a loop), since you'll end up far from your starting point in Ribeira Grande.",3
São Vicente (Mindelo),CV,Cape Verde,16.8901,-24.9825,"Mindelo itself is the destination here — Cesária Évora's hometown, with pastel Portuguese-colonial streets around the Mercado Municipal and a live-music scene built on her legacy (small bars host morna most evenings). If your dates allow it, February's Mindelo Carnival is Cape Verde's biggest and most colorful, rivaling Rio in miniature.",3
Shete Boka National Park,CW,Curaçao,12.3667,-69.15,"The standout stop within the park is Boka Tabla, a collapsed sea cave you look down into as waves surge and blow through it — go when the trade-wind swell is up (typically afternoon) for the most dramatic spray, and allow 2-3 hours to also walk out to Boka Wandomi's natural rock bridge.",4
Willemstad (UNESCO),CW,Curaçao,12.1091,-68.9316,"Punda and Otrobanda, the two historic districts either side of Sint Anna Bay, are linked by the free pedestrian Queen Emma pontoon bridge that swings open for ship traffic; cross it and catch the gabled Handelskade waterfront at golden hour for the classic photo, and browse the floating fruit market moored alongside Punda.",4
beaches (Grote Knip),CW,Curaçao,12.2167,-69.15,"Curaçao's most photographed beach: a steep staircase down a cliff face opens onto a crescent of white sand and calm, strikingly turquoise water good for swimming, with quieter Kleine Knip just over the ridge as an easy add-on. It's a local weekend favorite, so arrive by mid-morning before the small parking area fills.",4
Ayia Napa / Protaras,CY,Cyprus,34.9885,34.0086,"Cyprus's main beach resort strip on the southeast coast. Nissi Beach in Ayia Napa is lively but packed and party-oriented in summer, while Protaras's Fig Tree Bay is quieter and more family-friendly — either way, stop at Cape Greco's sea caves and cliffs nearby on the way.",1
Larnaca,CY,Cyprus,34.9167,33.6333,"Cyprus's main airport gateway city, built around the palm-lined Finikoudes seafront promenade. It's mostly a stopover rather than a destination — pair it with the nearby Salt Lake (flamingos in winter) and Ayios Lazaros church if you have a spare hour.",3
Limassol,CY,Cyprus,34.7071,33.0226,Its medieval castle is where Richard the Lionheart married Berengaria of Navarre in 1191 and crowned her Queen of England — now houses the Cyprus Medieval Museum.,3
"Limassol, Kourion & Aphrodite's Rock",CY,Cyprus,34.7071,33.0226,"Cyprus's second city near the ancient Greco-Roman theatre at Kourion (still used for performances, sea views from the seats) and Petra tou Romiou, the sea rock tied to Aphrodite's mythical birth. Time Aphrodite's Rock for sunset, the classic photo; half a day covers both sites plus Limassol's old town/marina.",1
Nicosia,CY,Cyprus,35.1856,33.3823,"The world's last divided capital city — the UN buffer zone (Green Line) runs through it, and you can walk across the Ledra Street crossing between the Greek and Turkish sides.",2
Nicosia / Ledra Street,CY,Cyprus,35.1706,33.3656,"Cyprus's divided capital, with a pedestrian checkpoint on Ledra Street crossing into the Turkish-controlled north. Bring your passport for the crossing (it's quick, no visa needed for EU/most nationalities); allow an hour or two for the old town and Cyprus Museum on the south side.",2
North Nicosia (Lefkoşa),CY,Cyprus,35.1875,33.3853,"The Turkish-Cypriot half of the divided capital, centered on the Büyük Han caravanserai and the Selimiye Mosque (a former Gothic cathedral). Half a day covers it; euros are widely accepted alongside Turkish lira, so no need to change money first.",1
Paphos,CY,Cyprus,34.772,32.4297,"The Tombs of the Kings and the mosaic floors at the Paphos Archaeological Park (House of Dionysus) are the two specific must-sees, both UNESCO-listed.",3
"Paphos, Akamas/Avakas Gorge & Blue Lagoon",CY,Cyprus,34.772,32.4297,"A coastal city with the Tombs of the Kings, plus the dramatic Avakas Gorge hike and the turquoise Blue Lagoon on the Akamas Peninsula. Wear sturdy shoes for the gorge (it can be impassable after heavy rain) and reach the Blue Lagoon by boat tour from Latchi rather than the rough dirt track to avoid the crowded parking and 4x4-only road.",1
Troodos wine villages,CY,Cyprus,34.9186,32.8595,"A mountain range of traditional wine villages and UNESCO-listed Byzantine painted churches (Asinou is the standout). Taste Commandaria, Cyprus's sweet fortified wine, at a village winery, and budget a full day given the narrow mountain roads between stops.",1
Bohemian Paradise (Turnov),CZ,Czechia,50.5333,15.1667,Sandstone rock towers (Prachovské skály) and the twin-towered ruins of Trosky Castle perched on volcanic cones are the standouts; the castle towers are climbable and worth the stairs for the view over the rock landscape.,1
Brno,CZ,Czechia,49.1951,16.6068,"Villa Tugendhat, Mies van der Rohe's UNESCO-listed modernist house, is the city's real highlight beyond the old town; tours sell out within hours of release (release is ~2 months ahead, so book online as early as possible).",2
Prague,CZ,Czechia,50.0755,14.4378,"Prague Castle complex and Charles Bridge are the anchors, but both are swamped by tour groups from mid-morning; cross the bridge and enter the castle grounds right at opening to see them uncrowded.",5
Staré Město / Prague Castle,CZ,Czechia,50.0875,14.4213,"Staré Město's Old Town Square (Astronomical Clock, Týn Church) and Charles Bridge sit right below Prague Castle's hilltop complex (St. Vitus Cathedral, Golden Lane) — the largest ancient castle complex in the world by area. Go to the Castle first thing at opening (9am) before tour buses arrive, and catch the Astronomical Clock's hourly show from the square rather than pressing right up against it, since the actual figures are underwhelming up close.",3
Český Krumlov,CZ,Czechia,48.8127,14.3175,"Its Vltava-river-bend old town and colorfully painted castle tower are the draw; it's overrun with day-trip buses from Prague around midday, so an early-morning visit or an overnight stay is the difference between a quiet town and a crowded one.",5
Špilberk Castle,CZ,Czechia,49.1943,16.6034,"The fortress overlooking Brno doubled as a notorious Habsburg-era prison; its casemates (dungeons) are ticketed separately from the castle museum, and the ramparts give the best panoramic view over the city.",1
Bastei Bridge / Saxon Switzerland NP,DE,Germany,50.9683,14.0453,Sandstone cliff formations with a short 19th-century bridge spanning the gorge for a dramatic Elbe valley view; arrive at sunrise since it's a very short walk from parking and gets swarmed by Dresden day-tour buses by mid-morning.,1
Berchtesgaden,DE,Germany,47.6303,13.0006,"Alpine town best known as the access point for the Kehlsteinhaus (Eagle's Nest) and the Obersalzberg documentation center on WWII history; the Eagle's Nest is reachable only by special bus and only May-October, so book that slot early in the day.",3
Berlin,DE,Germany,52.52,13.405,"East Side Gallery (Wall remnant) and Brandenburg Gate/Reichstag carry the Cold War/reunification story, with Museum Island's Pergamon for antiquities; the Reichstag dome visit is free but capacity-limited and must be booked online days ahead.",2
Dresden,DE,Germany,51.0504,13.7373,The rebuilt Frauenkirche and the Zwinger Palace's Old Masters Gallery (Raphael's Sistine Madonna) are the must-sees beyond the old town walk; the Frauenkirche's dome gallery and evening organ recitals are easy to miss if you only see the exterior.,2
Füssen,DE,Germany,47.5722,10.7017,The Hohes Schloss old town and the Lechfall gorge waterfall just south of the center are worth an hour beyond being the Neuschwanstein access base; walk the riverside path to Lechfall in the early morning to have it to yourself.,4
Füssen / Hohenschwangau (Neuschwanstein),DE,Germany,47.5722,10.7017,"Beyond the castle itself, the classic postcard view of Neuschwanstein is from Marienbrücke (Mary's Bridge) just above it — worth the short uphill walk, but the bridge is frequently closed for high wind, ice, or maintenance, so it's not a guaranteed stop.",2
Garmisch-Partenkirchen,DE,Germany,47.4917,11.0958,"Beyond being the Zugspitze gateway, the town's own highlight is the Partnachklamm gorge walk, a shaded ~1-hour loop through a carved rock canyon with waterfalls — an easy half-day add-on.",6
Hohenschwangau (Neuschwanstein),DE,Germany,47.5575,10.7397,"""Mad"" King Ludwig II's fairy-tale 19th-century castle that inspired Disney's — interior only seen on a timed guided tour, so book the slot online in advance; walk up to Marienbrücke bridge for the classic postcard view of the castle.",2
Königssee,DE,Germany,47.5586,12.9847,"Glacial lake with the onion-domed St. Bartholomä pilgrimage church backed by the Watzmann massif, reachable only by the electric passenger boats (no private motorboats allowed); take the first boat out to beat tour groups and midday queues at the dock.",2
Munich,DE,Germany,48.1351,11.582,Marienplatz/Frauenkirche and the Residenz palace anchor the old town; skip the New Town Hall glockenspiel crowd and climb St. Peter's church tower instead for the best rooftop view over the square and the Alps on a clear day.,2
"Munich (Marienplatz, Englischer Garten)",DE,Germany,48.1351,11.582,"Marienplatz is the old-town core, with the Rathaus-Glockenspiel figures performing daily at 11am and noon (plus 5pm in summer); the Englischer Garten is one of the world's largest urban parks and its main curiosity is the Eisbach standing wave, where surfers ride the current right in the city.",2
Neuschwanstein,DE,Germany,47.5576,10.7498,"Ludwig II's fantasy castle (the direct inspiration for Disney's Cinderella castle) photographs best from Marienbrücke, the bridge over the gorge behind it. Book the timed-entry ticket online well in advance — summer slots can sell out several weeks ahead and walk-up availability is unreliable.",1
Saxon Switzerland,DE,Germany,50.9167,14.2667,"The Bastei rock formation and its bridge over the Elbe sandstone spires is the signature view; it gets very crowded with tour groups by mid-morning, so arrive at opening or hike in from Rathen for a quieter visit.",1
Zugspitze,DE,Germany,47.4211,10.9853,"Germany's highest peak rewards a clear day with views reaching into Austria, Switzerland and Italy, and its glacier snowfield near the summit still draws skiers in summer.",1
Christiania,DK,Denmark,55.6739,12.5975,"A self-governing ""freetown"" since 1971, known for colorful murals and an alternative, car-free community feel; residents themselves shut down the once-notorious open-air cannabis market on Pusher Street in 2024, so the area is calmer than its old reputation suggests, though photography is still restricted/frowned on in parts of the settlement.",2
Copenhagen (Nyhavn),DK,Denmark,55.679,12.591,"The candy-colored 17th-century gabled houses along the canal were once a rough sailors' quarter where Hans Christian Andersen lived at three different addresses; go right at opening or after dinner to see it without the tour-group crush, and pick up a canal boat tour departing from the harbor itself.",5
Louisiana Museum (Humlebæk),DK,Denmark,55.9625,12.5385,"Renowned modern/contemporary art museum whose real draw is the building itself — galleries woven into a sculpture park overlooking the Øresund. Give it half a day, and pair it with Kronborg Castle in Helsingør on the same train-line day trip from Copenhagen.",2
Nyhavn,DK,Denmark,55.6798,12.591,"17th-century harbor lined with colorful gabled townhouses and canal-front cafes; walk a block or two back from the waterfront for a meal at local prices, since the restaurants sitting directly on the canal charge a steep premium for the view.",2
Roskilde (Viking Ship Museum),DK,Denmark,55.6415,12.0803,Houses five excavated 11th-century Viking ships (the Skuldelev wrecks) plus a working boatyard where reconstructions are built by hand. Allow 1.5-2 hours; in summer you can go out on the fjord aboard one of the reconstructed longships.,2
Tivoli Gardens,DK,Denmark,55.6736,12.5681,"One of the world's oldest amusement parks (opened 1843) and a direct inspiration for Disneyland, with gardens and rides that are especially atmospheric lit up after dark. It runs seasonally, not year-round (2026: open ~27 March-20 September, plus separate Halloween and Christmas windows), so check its season calendar before planning around it.",3
Torvehallerne,DK,Denmark,55.6838,12.5713,"Copenhagen's modern food hall (two glass pavilions) with New Nordic snack stalls, artisan produce, and smørrebrød; go for an early weekday lunch to beat the midday crowd for a seat.",1
Boiling Lake Trek,DM,Dominica,15.3167,-61.2667,"Start from the trailhead beside Titou Gorge near Laudat and begin no later than 10am, since the round trip runs 6-7 hours and the descent gets dangerous in the dark; a local guide is strongly recommended (bookable through most accommodations) even though the path itself is decently marked.",3
Champagne Reef,DM,Dominica,15.2833,-61.3833,"Snorkel gear rents right on site at the dive shop by the entrance, so no need to bring your own — the volcanic bubbles are best seen close to shore in the shallows rather than swimming further out.",3
Trafalgar Falls,DM,Dominica,15.3181,-61.3331,"Twin falls nicknamed ""Mama"" and ""Papa"" are viewable together from a short boardwalk, and natural hot-spring pools sit right at the base of Papa Falls for a post-hike soak.",3
Baños,EC,Ecuador,-1.3928,-78.4247,"Ecuador's adventure-sports town: canyoning, rafting, and thermal baths, plus the ""Casa del Árbol"" swing perched at the edge of a cliff with volcano views.",3
Cuenca,EC,Ecuador,-2.9006,-79.0045,"A smaller, quieter UNESCO colonial city than Quito, and — despite the name — the true home of Panama hat weaving, with workshops open to visit.",3
Galápagos Islands,EC,Ecuador,-0.9538,-90.9656,"Santa Cruz (Charles Darwin Research Station, giant tortoises) is the main hub; Isabela and San Cristóbal are quieter alternatives with their own wildlife (marine iguanas, blue-footed boobies, sea lions underfoot in town).",3
Mindo,EC,Ecuador,0.05,-78.7667,"A cloud-forest hub for birdwatching (dozens of hummingbird species at feeder lodges), plus tubing and zip-lining through the canopy.",3
Otavalo,EC,Ecuador,0.2345,-78.2617,"Home to the largest indigenous artisan market in South America — textiles, weavings, leather — best on Saturday when it's at full size.",3
Quito,EC,Ecuador,-0.1807,-78.4678,Its colonial old town is one of the best-preserved in the Americas (UNESCO-listed); the TelefériQo cable car climbs the slopes of Pichincha volcano for panoramic city views.,3
Tallinn (Old Town),EE,Estonia,59.437,24.7454,"Beyond the main squares, climb Toompea Hill to the Kohtuotsa or Patkuli viewing platforms for the classic skyline shot over the medieval spires and city walls.",5
Abu Simbel,EG,Egypt,22.3372,31.6258,The entire temple complex was cut into blocks and relocated in the 1960s to escape flooding from the Aswan High Dam/Lake Nasser — twice a year (around Feb 22 and Oct 22) sunlight aligns to illuminate statues deep in the inner sanctum.,2
Alexandria,EG,Egypt,31.2001,29.9187,"The Bibliotheca Alexandrina is a modern reinterpretation of the ancient library, not a ruin; Qaitbay Citadel sits on the site of the ancient Pharos lighthouse and is a pleasant seafront stop rather than a headline attraction.",3
Aswan,EG,Egypt,24.0889,32.8998,"Philae Temple (relocated to Agilkia Island after the Aswan High Dam flooding) and the Nubian villages on Elephantine Island are the highlights; Abu Simbel is a worthwhile long day trip from here (roughly 3 hours each way by road, or a short flight).",5
Cairo,EG,Egypt,30.0444,31.2357,"The Egyptian Museum in Tahrir Square holds Tutankhamun's treasures (the new Grand Egyptian Museum near Giza has been taking over much of this collection, so check which artifacts are at which site before planning your visit).",5
Dahab,EG,Egypt,28.5091,34.5136,"A laid-back, low-key alternative to Sharm el-Sheikh, built around diving/snorkeling the Blue Hole and Lighthouse Reef rather than resort nightlife.",3
Giza,EG,Egypt,29.9765,31.1313,"The Great Pyramid, Khafre, and Menkaure plus the Sphinx are best visited at opening time to beat both heat and tour-bus crowds; the evening sound-and-light show is kitschy but a fun way to see the pyramids illuminated.",5
Karnak,EG,Egypt,25.7188,32.6573,The Hypostyle Hall's 134 massive columns are the single most impressive interior space in Egyptian architecture; check if the evening sound-and-light show is running during your visit.,2
Luxor,EG,Egypt,25.6872,32.6396,"Valley of the Kings (tombs, including Tutankhamun's) on the west bank and Karnak Temple complex on the east bank are the two must-do sites; a sunrise hot-air balloon ride over the west bank ruins is a popular splurge.",5
Nile cruise/felucca,EG,Egypt,25.5,32.6,Standard cruise itineraries run 3-5 nights between Luxor and Aswan with stops at Edfu and Kom Ombo temples; feluccas (traditional sailboats) are typically used for shorter sunset trips or the Aswan-to-Kom Ombo/Edfu stretch rather than the full route.,3
A Coruña (optional),ES,Spain,43.3623,-8.4115,"Known for the Tower of Hercules, a still-functioning Roman-era lighthouse (UNESCO-listed), and for the Marina's rows of white-glazed galerías (glassed balconies); climb the tower for coastal views and allow about 2 hours for both sights.",1
Agulo,ES,Spain,28.1858,-17.2004,"Small village on a black-sand coastal terrace below sheer cliffs, facing Tenerife's Teide across the strait. Shoot it from above at the Mirador de Abrante skywalk (glass-floor platform) for the classic view over the village and coast.",1
Aigüestortes i Estany de Sant Maurici NP (optional),ES,Spain,42.5745,0.9505,A Pyrenees national park of over 200 glacial lakes and valleys where private cars are banned from the core zone; use the park's 4x4 taxi shuttle from the entrance village to reach trailheads quickly rather than walking in on the access track.,1
Alicante (Costa Blanca),ES,Spain,38.3452,-0.481,A Mediterranean port city topped by the hilltop Santa Bárbara Castle overlooking Playa del Postiguet. Take the free elevator up to the castle from the beach side (accessed via a tunnel near Playa del Postiguet) instead of the steep walk up.,1
Almería coast,ES,Spain,36.8381,-2.4597,"Spain's driest region, with the desert landscape of Tabernas used as the filming backdrop for spaghetti westerns (A Fistful of Dollars, etc.). Visit one of the old film sets (Oasys/Fort Bravo or Western Leone) still open as a walkable attraction, or just drive the Cabo de Gata-Níjar coastline for empty beaches; allocate a full day.",1
Arrecife,ES,Spain,28.963,-13.5477,"Lanzarote's capital isn't a major sightseeing stop — treat it as a base. The one pleasant part is the Charco de San Ginés lagoon and adjoining promenade, good for an evening stroll and dinner.",2
Barcelona,ES,Spain,41.3851,2.1734,"This route's arrival point, built around Gaudí's Modernista landmarks (Sagrada Família, Park Güell, Casa Batlló) and the medieval Gothic Quarter; book Sagrada Família and Park Güell tickets online well ahead since both routinely sell out same-day.",2
Bilbao,ES,Spain,43.263,-2.935,"Gehry's titanium-clad Guggenheim building is as much the draw as what's inside, along with Koons' giant flower ""Puppy"" out front. Book timed entry online to skip the queue, and return after dark to see the building lit and reflected in the river.",2
Bilbao (Guggenheim Museum),ES,Spain,43.263,-2.935,"Gehry's titanium-clad building is as much the draw as what's inside, along with Koons' giant flower ""Puppy"" out front. Book timed entry online to skip the queue, and return after dark to see the building lit and reflected in the river.",2
Boí (Aigüestortes NP shuttle),ES,Spain,42.52,0.8375,"The main western gateway to Aigüestortes NP, where private cars are restricted; go early to catch the 4x4 taxi shuttle (Vall de Boí Taxi Association) up into the park.",1
Burgos (cathedral),ES,Spain,42.3439,-3.6969,"A Gothic UNESCO cathedral on the Camino de Santiago holding El Cid's tomb at the transept crossing; go right at opening to beat tour groups and allow 1.5-2 hours, since the interior is dense with side chapels (the Escalera Dorada and Capilla del Condestable are easy to rush past).",1
Cerdanya / Puigcerdà,ES,Spain,42.4331,1.9284,"Catalonia's widest, sunniest Pyrenees plateau, centered on Puigcerdà's lake and bell tower; good lunch stop, with a lively market on Sundays.",2
Ciutadella,ES,Spain,40,3.8388,"Menorca's former capital has an elegant, arcaded old-town street (Ses Voltes) wrapped around a small working fishing harbor lined with restaurants - more intimate and less built-up than Mahón. If visiting in late June, the Sant Joan festival's horse-rearing ritual takes over the old town; book accommodation months ahead if timing overlaps.",3
Combarro,ES,Spain,42.4297,-8.6858,"A tiny fishing village where rows of stone hórreos and cruceiros sit right at the water's edge, some almost lapped by the tide; walk the shoreline path at low tide for the classic view and photos.",1
Comillas,ES,Spain,43.3856,-4.2919,"A small Cantabrian town whose real draw is Gaudí's El Capricho villa (whimsical sunflower-tiled tower) plus the neighboring Palacio de Sobrellano; allow about 1 hour, guided English tours run at 12:30 and 16:30 and it's worth booking ahead since it's a popular stop.",1
Corralejo,ES,Spain,28.7343,-13.8672,"The draw is Corralejo Natural Park's large white sand dune system meeting turquoise water, plus it's the departure point for a short boat trip to Isla de Lobos (uninhabited islet, good snorkeling). Walk the dunes early morning before the wind (which this coast is known for) picks up in the afternoon.",2
Costa Brava (Tossa de Mar),ES,Spain,41.7196,2.9319,"A walled medieval old town (Vila Vella) sitting on a headland above the beach, with a lighthouse viewpoint at its tip; the walk around the walls takes about an hour and looks best around sunset.",1
Cádiz,ES,Spain,36.5297,-6.2923,"One of Western Europe's oldest cities, a dense old-town peninsula of plazas and markets; climb Torre Tavira for the camera-obscura view over the rooftops, and time a visit around the Mercado Central for tapas.",1
Cíes Islands,ES,Spain,42.2378,-8.8994,"A protected archipelago off Vigo with turquoise water and white-sand beaches often ranked among Europe's best; you must get a free daily-entry permit (around 1,800-2,200 visitors/day) via autorizacionillasatlanticas.xunta.gal before booking the ferry, and permits open up to 90 days ahead and sell out fast in summer.",1
Cíes Islands (optional),ES,Spain,42.2378,-8.8994,"A protected archipelago off Vigo with turquoise water and white-sand beaches often ranked among Europe's best; you must get a free daily-entry permit (around 1,800-2,200 visitors/day) via autorizacionillasatlanticas.xunta.gal before booking the ferry, and permits open up to 90 days ahead and sell out fast in summer.",2
Córdoba,ES,Spain,37.8882,-4.7794,"The building's core feature is the forest of striped red-and-white double arches, with a 16th-century Renaissance cathedral built directly into the middle of the former mosque.",1
Córdoba (Mezquita),ES,Spain,37.8789,-4.7794,"The building's core feature is the forest of striped red-and-white double arches, with a 16th-century Renaissance cathedral built directly into the middle of the former mosque.",5
Deià,ES,Spain,39.7481,2.6478,"An artists' village (Robert Graves lived and is buried here; his house Ca N'Alluny is now a small museum) perched above the sea, with a short, steep path down to the pebble cove Cala Deià for a swim. Go early or at sunset - the cove is tiny and packs out by midday in summer.",3
Espot (Aigüestortes NP shuttle),ES,Spain,42.5766,0.9591,"The eastern gateway village, also with a restricted-access 4x4 taxi shuttle, but a shorter ride in to Lake Sant Maurici than from Boí.",1
Estepona,ES,Spain,36.4285,-5.1451,"A quieter, flower-draped old town known for its ""Calle Real"" and Plaza de las Flores, plus an open-air mural museum scattered through the streets; wander the old town in late afternoon light for the best photos of the flower pots and murals.",1
Fuente Dé (cable car),ES,Spain,43.1439,-4.8142,"One of Europe's steepest cable cars, climbing almost 800m vertically in under 4 minutes to the Áliva plateau below Peña Vieja. Book your timed ticket online in advance — on sunny weekends the queue builds fast and arriving before 9am is the reliable way to avoid a long wait; it's also closed roughly mid-January to mid-February each year.",3
Garajonay National Park,ES,Spain,28.1247,-17.2379,"UNESCO-listed ancient laurisilva (laurel forest) covering La Gomera's misty interior. Go early morning when the mist filters through the trees, and hike out to the Alto de Garajonay viewpoint for a panoramic view on clear days.",1
Gijón,ES,Spain,43.5322,-5.6611,"Working port city with the atmospheric Cimadevilla fishing quarter and Chillida's monumental ""Elogio del Horizonte"" sculpture overlooking the Cantabrian Sea. Walk the San Lorenzo beach promenade out to the sculpture for sunset.",2
Gijón (Asturias),ES,Spain,43.5322,-5.6611,"Working port city with the atmospheric Cimadevilla fishing quarter and Chillida's monumental ""Elogio del Horizonte"" sculpture overlooking the Cantabrian Sea. Walk the San Lorenzo beach promenade out to the sculpture for sunset.",1
Girona,ES,Spain,41.9794,2.8214,"A well-preserved medieval old town with the colorful Onyar riverside houses, a Jewish quarter, and steps used as a Game of Thrones filming location; walk the free city walls (Passeig de la Muralla) for the best overview.",1
Granada,ES,Spain,37.1773,-3.5986,"Book Alhambra tickets weeks ahead online (official site) — the Nasrid Palaces section has a timed-entry slot and sells out fast, especially the Comares Palace/Court of the Lions.",1
Granada (Alhambra),ES,Spain,37.176,-3.5883,"Book Alhambra tickets weeks ahead online (official site) — the Nasrid Palaces section has a timed-entry slot and sells out fast, especially the Comares Palace/Court of the Lions.",6
Granada (optional inland detour),ES,Spain,37.1773,-3.5986,"Book Alhambra tickets weeks ahead online (official site) — the Nasrid Palaces section has a timed-entry slot and sells out fast, especially the Comares Palace/Court of the Lions.",1
Ibiza Town / Dalt Vila (UNESCO old town),ES,Spain,38.9067,1.4327,"The walled old town's 16th-century Renaissance fortifications (UNESCO-listed) enclose steep, whitewashed lanes climbing to a hilltop cathedral with sweeping harbor views. Walk the ramparts near sunset for the best light and cooler temperatures; the cobbled climbs are steep, so wear proper shoes.",2
Jerez de la Frontera,ES,Spain,36.685,-6.1261,"Home of sherry wine (bodegas like González Byass/Tío Pepe) and Andalusian horse and flamenco culture; the Real Escuela Andaluza equestrian shows run on a fixed weekly schedule (typically Tue/Thu), so check ahead if you want to see one, and book a bodega tour in advance.",1
La Garrotxa Volcanic Zone,ES,Spain,42.1364,2.5647,"A dormant volcanic landscape of around 40 old craters around the medieval town of Santa Pau; the classic 2-3 hour loop links Santa Pau, the Croscat volcano (the largest, exposed cone), and the Fageda d'en Jordà beech forest.",1
La Línea de la Concepción,ES,Spain,36.1667,-5.35,"The Spanish border town right at Gibraltar's frontier, mainly useful as a place to park and walk across; park here (Gibraltar itself has very limited/expensive parking) and cross the border on foot, which also lets you watch planes land right over the road on the runway crossing.",1
La Seu d'Urgell (cathedral),ES,Spain,42.3585,1.4614,"A small Catalan Pyrenees town with a 12th-century Romanesque cathedral and cloister; pair it with a walk down the arcaded medieval Carrer Major, about an hour total.",1
Las Palmas de Gran Canaria,ES,Spain,28.1235,-15.4366,"Playa de Las Canteras is a genuinely excellent urban beach (one of Europe's best), right in the city — walk the promenade toward sunset. Vegueta old town is the separate, worthwhile half-day for the cathedral and Casa de Colón.",3
Los Cristianos,ES,Spain,28.0525,-16.7192,"Tenerife's south-coast resort town, mainly useful as the ferry departure point for La Gomera. Book the Fred Olsen/Naviera Armas ferry ahead in high season; the crossing to San Sebastián takes about 50 minutes.",2
Madrid,ES,Spain,40.4168,-3.7038,"Spain's capital, anchored by the Prado (Velázquez, Goya, Bosch), Retiro park, and Plaza Mayor as the historic core; the Prado is free the last two opening hours daily, so plan the museum for late afternoon and give the center a full day or two.",1
Mahón,ES,Spain,39.8885,4.2658,"Built around one of the world's largest natural harbours, with Georgian-style windows and shutters left over from British rule (1708-1802) and a local gin tradition (Xoriguer distillery, open for tastings) as another legacy. A harbor boat tour is the easiest way to take in the port's scale, which stretches nearly 6km inland.",2
Marbella / Puerto Banús,ES,Spain,36.5099,-4.8858,"An upscale resort strip: Marbella's old town has a pretty Plaza de los Naranjos, while Puerto Banús next door is a glitzy marina lined with superyachts and designer boutiques; go to Puerto Banús in early evening for yacht-watching without the midday heat.",1
Murcia,ES,Spain,37.9922,-1.1307,"A less-touristed regional capital known for its Baroque cathedral facade and the surrounding huerta (fruit/vegetable growing region) that drives its food scene. Climb the cathedral's bell tower for rooftop views, and expect a genuinely local tapas scene with little tourist infrastructure.",1
Málaga,ES,Spain,36.7213,-4.4214,"Birthplace of Picasso — the Museo Picasso Málaga and his birth house on Plaza de la Merced are the draw; also home to the Alcazaba, a well-preserved Moorish fortress right by the port.",3
Málaga (fly in),ES,Spain,36.7213,-4.4214,"Picasso's birthplace (Museo Picasso in the old town) sits beneath the Moorish Alcazaba fortress, which has a Roman theatre at its base and connects up to the Gibralfaro castle for city views.",2
Málaga / Costa del Sol,ES,Spain,36.7213,-4.4214,"Picasso's birthplace (Museo Picasso in the old town) sits beneath the Moorish Alcazaba fortress, which has a Roman theatre at its base and connects up to the Gibralfaro castle for city views.",1
O Grove,ES,Spain,42.4897,-8.8756,"A peninsula seafood town built on mussel and oyster farming, with a lively marisquería scene and views of the bateas (mussel rafts) in the ría; go for a seafood lunch here rather than sightseeing, and pair with a walk out to A Toxa island next door.",1
Oviedo,ES,Spain,43.3619,-5.8494,"Compact, elegant old town plus Santa María del Naranco, a rare pre-Romanesque royal hall from the 9th century up on a hillside just outside the center. Reserve half a day for the old town and end at a chigre (cider house) to see sidra poured from height in the traditional escanciado style.",2
Oviedo (Asturias),ES,Spain,43.3619,-5.8494,"Compact, elegant old town plus Santa María del Naranco, a rare pre-Romanesque royal hall from the 9th century up on a hillside just outside the center. Reserve half a day for the old town and end at a chigre (cider house) to see sidra poured from height in the traditional escanciado style.",1
Palma (base),ES,Spain,39.5696,2.6502,"La Seu cathedral - a Gothic giant right on the waterfront with a rose window and rooftop terraces - anchors a walkable old town of tapas bars and boutiques. Visit before 9:30am or after 5pm to dodge cruise-ship crowds, and budget extra time if climbing to the cathedral's rooftop terraces (separate paid access).",3
Picos de Europa (Potes),ES,Spain,43.1553,-4.6236,"Medieval stone-bridge town in the Liébana valley, the practical gateway to the Picos massif and the Monasterio de Santo Toribio (said to hold the largest surviving fragment of the True Cross). Base here for the Fuente Dé cable car and try the local orujo liqueur; Monday is the traditional market day if your dates line up.",3
Pontevedra (Rías Baixas),ES,Spain,42.43,-8.6444,"A traffic-free old town of granite arcades and plazas, the natural base for day trips into the Rías Baixas inlets rather than a sight in itself; 2-3 hours covers the historic center.",1
Port de la Bonaigua (pass),ES,Spain,42.7228,0.986,"A high (~2072m) scenic pass linking Val d'Aran to the Pallars valleys; the road can be snowbound outside summer, so check conditions if crossing in shoulder season.",1
Ribes de Freser (Cremallera departure),ES,Spain,42.3011,2.1697,"The base town for the Cremallera rack railway up to Vall de Núria; buy tickets in advance in summer/high season, as both the train and the limited parking near the station fill up.",1
Ripoll,ES,Spain,42.1997,2.1904,"A Catalan town built around the Santa Maria de Ripoll monastery; the elaborately carved 12th-century west portal is the real highlight, worth seeing even if you skip the interior.",1
Ronda,ES,Spain,36.7466,-5.1652,"Split by the deep El Tajo gorge, the Puente Nuevo bridge is the icon, but the most-missed part is walking down into the gorge (or to the bridge's interpretation centre inside the bridge itself) to see it from below/the side rather than just from the main street above.",1
"Ronda (optional, added at 4 days)",ES,Spain,36.7466,-5.1652,"Split by the deep El Tajo gorge, the Puente Nuevo bridge is the icon, but the most-missed part is walking down into the gorge (or to the bridge's interpretation centre inside the bridge itself) to see it from below/the side rather than just from the main street above.",1
Roque Nublo,ES,Spain,27.96,-15.5719,"The iconic volcanic monolith and symbol of Gran Canaria, set in the mountainous interior. It's a straightforward ~1hr-each-way walk from the La Goriona parking area; go early morning both for cooler temps and because clouds frequently move in by midday and obscure the rock.",2
Salamanca (optional),ES,Spain,40.9701,-5.6635,"A university city known for ornate Plateresque carving on the University facade and one of Spain's finest Plaza Mayors. Look for the small carved frog on the University facade (a students'-luck tradition); the Plaza Mayor is worth seeing lit up at night, so an overnight beats a pure day trip.",1
San Sebastián,ES,Spain,43.3183,-1.9812,"Shell-shaped urban bay often ranked among Europe's best city beaches, backed by Belle Époque architecture. Walk the promenade at sunset and ride the funicular up Monte Igueldo for the view over the bay, then do a pintxos crawl through the Parte Vieja.",2
"San Sebastián (La Concha, optional extension)",ES,Spain,43.3183,-1.9812,"Shell-shaped urban bay often ranked among Europe's best city beaches, backed by Belle Époque architecture. Walk the promenade at sunset and ride the funicular up Monte Igueldo for the view over the bay, then do a pintxos crawl through the Parte Vieja.",1
San Sebastián / Bilbao,ES,Spain,43.263,-2.935,"San Sebastián's shell-shaped urban bay (walk the promenade at sunset, a pintxos crawl through the Parte Vieja) paired with Bilbao's Gehry-designed Guggenheim Museum (book timed entry online, return after dark to see it lit up).",1
San Sebastián de la Gomera,ES,Spain,28.0916,-17.1133,"La Gomera's small capital, where Columbus made his last provisioning stop in 1492/1493 before the Atlantic crossing. See the Casa de Colón and Torre del Conde — the town is compact enough to cover in an hour or two before heading inland.",1
Santa Cruz de Tenerife,ES,Spain,28.4636,-16.2518,"The city itself (Calatrava's Auditorio de Tenerife, Plaza de España) doesn't need more than a few hours. The easily-missed highlight nearby is Anaga Rural Park — dramatic laurel-forest ridges and coastal cliffs a short drive away — worth carving out time for rather than skipping.",4
Santander,ES,Spain,43.4623,-3.8099,"Royal summer palace (Palacio de la Magdalena) sitting on a green peninsula park between two city beaches, with a small seal/sea-lion pool near the palace. Walk or cycle the peninsula loop and stay for sunset over the bay.",1
Santander (Magdalena Peninsula),ES,Spain,43.4623,-3.8099,"Royal summer palace (Palacio de la Magdalena) sitting on a green peninsula park between two city beaches, with a small seal/sea-lion pool near the palace. Walk or cycle the peninsula loop and stay for sunset over the bay.",2
Santiago de Compostela,ES,Spain,42.8805,-8.5456,"The Camino's finish line and the cathedral's grand baroque facade square (Praza do Obradoiro). Enter through the Arco do Pazo for the classic first reveal of the square and cathedral, and book the rooftop ""Catedral"" tour in advance if you want the terrace views over the old town.",1
Santiago de Compostela (Praza do Obradoiro),ES,Spain,42.8805,-8.5456,"The Camino's finish line and the cathedral's grand baroque facade square. Enter through the Arco do Pazo for the classic first reveal of the square and cathedral, and book the rooftop ""Catedral"" tour in advance if you want the terrace views over the old town.",3
Santillana del Mar,ES,Spain,43.3897,-4.1097,"Exceptionally well-preserved medieval stone village, often used as the base for visiting Altamira — original cave access is essentially closed to casual visitors, so the standard museum ticket includes the Neocueva, a full-scale faithful replica, not the real cave. Walk the cobbled center early morning before the day-tripper coach groups arrive.",3
Segovia (day trip),ES,Spain,40.9429,-4.1088,"Known for its intact Roman aqueduct running through the town center and the turret-heavy Alcázar that reportedly inspired Disney's castle; a fast train from Madrid takes about 30 minutes, so it's an easy half-day — climb the Alcázar's tower for the view and try cochinillo (roast suckling pig) for lunch.",2
Seville,ES,Spain,37.3891,-5.9845,Real Alcázar was a filming location for Game of Thrones (Dorne); Plaza de España's tiled alcoves each depict a different Spanish province.,4
Seville (Alcázar & Cathedral),ES,Spain,37.3839,-5.9903,"The Real Alcázar is a still-functioning royal palace showcasing Mudéjar architecture (and a Game of Thrones filming location); the adjoining Cathedral is the world's largest Gothic church, topped by the Giralda tower. Book Alcázar tickets online for a specific time slot well ahead — it sells out, especially in summer — and climb the Giralda via its internal ramps (built for mounted access, not stairs) for city views.",5
Sóller,ES,Spain,39.7662,2.7147,"A citrus-growing valley town reached from Palma by a century-old wooden train through the mountains, with a matching antique tram continuing down to the seaside Port de Sóller. Book train tickets ahead in high season - the scenic run sells out.",3
Tarragona,ES,Spain,41.1189,1.2445,"A Catalan coastal city with the best-preserved Roman remains in Spain, including an amphitheater built directly above the sea and the Pont del Diable aqueduct outside town. Time the amphitheater visit for late afternoon/sunset when the light over the water is best; half a day covers the main sites.",1
Teide National Park,ES,Spain,28.2723,-16.6417,"Spain's highest peak (3,715m) with a genuinely otherworldly volcanic landscape; the cable car takes you most of the way up. If you want the actual summit, you need a separate free National Park permit booked online in advance (slots release Mondays 7am Canary time, up to ~56 days ahead) — the cable car ticket alone does not include summit access. Go early for clearer skies before afternoon cloud rolls in.",4
Timanfaya National Park (Islote de Hilario),ES,Spain,28.9967,-13.7167,"A stark 1730s-eruption moonscape — the catch is you can't hike freely inside; the interior is only seen via the guided ""Ruta de los Volcanes"" bus tour departing from Islote de Hilario, where rangers also do the classic geothermal demos (brush bursting into flame, water flash-boiling in a pipe from ground heat). Arrive early since timed bus-tour slots can back up.",2
Toledo (day trip),ES,Spain,39.8628,-4.0273,"A hilltop former capital where a mosque-turned-church, synagogues, and a Gothic cathedral sit within a few blocks of each other; arrive on an early train from Madrid (under 1 hour) before the day-trip buses land midday, and don't skip Santo Tomé for El Greco's Burial of the Count of Orgaz.",2
Valencia,ES,Spain,39.4699,-0.3763,"Spain's third city, home to Calatrava's City of Arts and Sciences complex and the birthplace of paella. Eat paella at lunch (the traditional time, rarely served for dinner locally), and book Oceanogràfic tickets ahead if visiting — it's Europe's largest aquarium and sells out summer slots.",1
Vall de Núria,ES,Spain,42.3986,2.1614,"A high alpine sanctuary valley in the Catalan Pyrenees with a lake and hiking trails, reachable only by the Cremallera rack railway since there's no road in; allow half a day, as the train ride itself is about 45 minutes each way.",1
Valldemossa,ES,Spain,39.7098,2.6228,"Chopin and George Sand wintered here in 1838-39 at the Real Cartuja monastery, now a small museum housing the piano he composed on; the village's steep stone streets and lavender-lined balconies are worth a wander beyond the monastery itself. Arrive early morning - tour buses from Palma clog the single access road by midday.",3
Valle Gran Rey,ES,Spain,28.0989,-17.3106,"Steep, palm-lined valley on La Gomera's west coast with a laid-back, semi-alternative scene and good hiking. Time it for sunset at a viewpoint like La Merica or Mirador de Igualero, popular with paragliders too.",1
Vielha (Val d'Aran),ES,Spain,42.7027,0.7966,Main town of a valley with its own Aranese language and Romanesque churches; don't miss the carved Crist de Mijaran inside the church of Sant Miquèu.,1
Vigo,ES,Spain,42.2406,-8.7207,"Galicia's biggest city and a working fishing port with a lively old town (Casco Vello) full of oyster stalls; it's also the ferry departure point for the Cíes Islands, so book the Cíes ferry/visitor permit online in advance if adding that side trip in summer.",1
Vitoria-Gasteiz,ES,Spain,42.8467,-2.6716,"Basque Country's official capital with a walled medieval old town (almond-shaped Casco Medieval); take the ""Abierta por Obras"" guided tour inside Santa María Cathedral, which lets you see the ongoing restoration/archaeology up close — a half-day is enough, and it's far less crowded than Bilbao or San Sebastián.",2
Ávila (optional),ES,Spain,40.6566,-4.6818,"One of Spain's best-preserved fully walled medieval towns, with nearly 2.5km of intact ramparts. Walk the paid wall-top section near the cathedral end for the best views; a few hours covers it.",1
Addis Ababa,ET,Ethiopia,9.025,38.7469,"The National Museum houses ""Lucy"" (Australopithecus afarensis), one of the most complete early hominid skeletons found; Merkato is reputed to be one of the largest open-air markets in Africa.",3
Danakil Depression,ET,Ethiopia,14.2417,40.3,"Erta Ale currently has no persistent lava lake — recent activity (as of early 2026) is limited to hornitos and minor lava flows on the caldera floor, so don't count on the classic ""lava lake"" photo that older tour marketing still promises; Dallol's sulfur-mineral terraces and the salt flats/camel caravans remain the other core stops.",3
Gondar,ET,Ethiopia,12.6,37.4667,"Fasil Ghebbi, a walled compound of 17th-century castles built by Emperor Fasilides and successors, is often called ""Africa's Camelot""; the nearby Fasilides Bath compound floods once a year for the Timkat (Epiphany) celebration.",3
Lalibela,ET,Ethiopia,12.0316,39.0473,"Eleven monolithic rock-hewn churches carved downward into volcanic tuff, still active places of worship — Bete Giyorgis (carved in a cross shape) is the most photographed.",3
Omo Valley,ET,Ethiopia,5.6667,36.5,"Home to numerous distinct tribal groups (Mursi, Hamer, Karo among others) with weekly tribal markets in towns like Turmi and Jinka — go with a guide who has an existing community relationship, as ad hoc ""photo tourism"" here can feel transactional and generates friction.",3
Simien Mountains,ET,Ethiopia,13.2,38.05,"Trekking here is notable for close, non-aggressive encounters with large troops of Gelada baboons (grass-grazing, endemic to Ethiopia); Ras Dashen is Ethiopia's highest peak for multi-day trekkers.",3
Helsinki,FI,Finland,60.1699,24.9384,"The sea fortress of Suomenlinna (UNESCO-listed, spread across several islands) and the compact Design District are the two things worth carving out time for. Suomenlinna's ferry is covered by a standard Helsinki city transport ticket, so no separate fare is needed.",2
Helsinki (Senate Square),FI,Finland,60.1699,24.9384,"Engel's neoclassical ensemble around the square is capped by Helsinki Cathedral's dramatic white staircase, the city's most photographed viewpoint; climb the steps for the view back over the square, best in the low afternoon light.",5
Inari,FI,Finland,68.9056,27.0286,The Siida museum (Sámi Museum and Nature Centre) is the single best introduction to Finnish Sámi culture and Arctic ecology on the whole route. Lake Inari boat trips out to the sacred island of Ukonsaari only run in the ice-free summer months.,2
Lemmenjoki National Park,FI,Finland,68.7333,25.7833,"Finland's largest national park still has an active recreational gold-panning tradition dating back to a 1940s gold rush, with old prospector cabins deep in the wilderness. The historic gold-panning area around Kultahamina is a multi-day trek on foot, but a river boat-taxi from the Njurgalahti trailhead reaches it in a few hours for those without days to spare.",2
Rovaniemi,FI,Finland,66.5039,25.7294,"Straddles the Arctic Circle line itself at Santa Claus Village, and the Arktikum museum (partly built underground) is a genuinely good primer on Arctic science, Sámi culture and the aurora before heading further north. Santa Claus Village draws heavy tour-bus traffic — visiting early morning avoids the worst of the crowds.",2
Suomenlinna,FI,Finland,60.1454,24.988,"This UNESCO sea fortress spread across six islands mixes original 18th-century bastions with museums (the WWII submarine Vesikko is the standout) and is where locals go to picnic on the ramparts; the public ferry from Market Square is covered by a normal Helsinki AB transit ticket, and it's worth a half day, not a quick stop.",2
Mamanuca Islands,FJ,Fiji,-17.6667,177.1,"Home to Cloudbreak, a world-famous surf break, and several of the islands doubled as filming locations for the reality show Survivor; Beachcomber Island is the known party/backpacker stop in the group.",4
Nadi,FJ,Fiji,-17.7765,177.4356,Functions mainly as the airport gateway rather than a beach destination; the Sri Siva Subramaniya Temple (South Pacific's largest Hindu temple) is the one specific sight worth a stop if you have a layover.,4
Taveuni,FJ,Fiji,-16.85,179.9833,"Nicknamed the ""Garden Island""; Bouma National Heritage Park has a series of three waterfalls you can hike to and swim at, and Rainbow Reef nearby is rated among the best soft-coral diving in the world. The International Date Line technically runs through the island.",4
Yasawa Islands,FJ,Fiji,-16.8,177.45,"Sawa-i-Lau limestone caves with a swimmable interior pool are the standout specific activity; the group was the filming location for the 1980 film ""The Blue Lagoon.""",4
Gjógv,FO,Faroe Islands,62.3167,-6.8,Named for the natural sea-filled gorge that cuts through the village to a small boat harbor; walk up along the gorge's edge for the view down to where fishing boats are winched up from the water.,1
Saksun,FO,Faroe Islands,62.2667,-7.2167,"Tiny hamlet around a turf-roofed church overlooking Pollurin, a tidal lagoon that was once a harbor before a storm sealed it off with sand. The final approach crosses private farmland, so park at the village and be prepared for a posted access/parking fee.",2
Trælanípa & Lake Sørvágsvatn hike,FO,Faroe Islands,62.0977,-7.2967,"Famous for the optical illusion where the lake appears to float above the ocean, seen from the Trælanípa cliff edge at the end of a roughly 5-6km round-trip walk. The trail crosses private land and requires paying an entry fee at the trailhead reception (~200 DKK self-guided, ~450 DKK with a guide) before starting.",1
Tórshavn,FO,Faroe Islands,62.0107,-6.7741,"The Faroese capital is compact enough to see on foot in half a day, centered on Tinganes, the turf-roofed peninsula that has hosted the islands' parliament since Viking times.",3
Vestmanna Cliffs,FO,Faroe Islands,62.1553,-7.1668,"Nearly 700m sea cliffs toured by boat, sailing into narrow grottos carved into the rock beneath large seabird colonies (puffins, guillemots, kittiwakes). Puffins are only present during the May-September tour season, and sailings are weather-dependent, so book ahead and time the visit to that window.",1
Vestmanna bird cliffs boat tour,FO,Faroe Islands,62.1546,-7.1698,"Sheer sea cliffs and sea caves reachable only by boat, with puffins nesting roughly April-August. Book the ~2hr boat tour in advance in summer and pick a calm-sea day — it's cancelled in rough weather.",2
Aiguille du Midi cable car,FR,France,45.8786,6.8873,"Europe's highest cable car station (3,842m), with a 360° panorama over the Mont Blanc massif and a glass-floor ""Step into the Void"" platform. Book your timed-entry slot online in advance (it sells out on clear-weather days) and go as early as possible — afternoon clouds frequently block the view.",1
Aix-en-Provence,FR,France,43.5297,5.4474,"Cézanne's elegant hometown, built around the fountain-lined Cours Mirabeau and old-town squares; the Tuesday/Thursday/Saturday morning market on Cours Mirabeau is the best time to see it in full swing.",1
Ajaccio,FR,France,41.9192,8.7386,Napoleon's birthplace — the Maison Bonaparte family home is now a museum; like most French municipal museums it's typically closed Mondays.,4
Ajaccio / Golfe de Valinco,FR,France,41.9192,8.7386,Napoleon's birthplace (Maison Bonaparte) and a scenic gulf to the south around Propriano; skip Ajaccio's town beaches for the quieter ones around the Golfe de Valinco.,1
Alsace villages,FR,France,48.0453,7.3079,"Riquewihr, Eguisheim and Kaysersberg along the Route des Vins pair colorful timbered houses with vineyard walks right from the village edge; pick one or two rather than all of them, and expect Riquewihr/Eguisheim to be very crowded at midday in season.",1
Antibes,FR,France,43.5808,7.1239,"A walled old town (Vieil Antibes) beside Port Vauban, Europe's biggest yacht/superyacht harbour; walk the seafront rampart path and browse the Marché Provençal.",1
Arles,FR,France,43.6767,4.6278,"The Roman amphitheatre is still an active venue (concerts, ferias) rather than a pure ruin; a combined ticket covers it along with the Roman theatre and cryptoporticus underground galleries.",3
"Arles (base, Roman sites)",FR,France,43.6767,4.6278,"A Roman arena/amphitheater still used for events today, plus the streets and cafés Van Gogh painted while living here; get the combined Pass Arles ticket covering the amphitheater and theatre, and don't expect original Van Gogh paintings on site, only places he painted.",1
Avignon (base),FR,France,43.9493,4.8055,"A walled Provençal city centered on the Palais des Papes, the largest Gothic palace in Europe, plus the half-collapsed Pont Saint-Bénézet on the Rhône; book Palais des Papes tickets online to skip the queue and get the combo ticket that includes the bridge.",1
Avignon (base) — Palais des Papes,FR,France,43.9493,4.8055,"A walled Provençal city centered on the Palais des Papes, the largest Gothic palace in Europe, plus the half-collapsed Pont Saint-Bénézet on the Rhône; book Palais des Papes tickets online to skip the queue and get the combo ticket that includes the bridge.",1
Ax-les-Thermes (thermal baths),FR,France,42.7211,1.8367,"Pyrenees spa town built on natural hot springs; skip the paid spas and just try the free public hot-water foot basins (Bassin des Ladres) in the town centre, no booking needed.",1
Bastia,FR,France,42.6979,9.4508,"Corsica's main ferry port and second city, with an old harbour (Vieux Port) and citadel; linger over dinner at the Vieux Port, it's less touristy than Ajaccio's.",2
Bastia or Calvi (entry),FR,France,42.6979,9.4508,"Just Corsica's two main northern gateways, not destinations in themselves: Bastia has more ferry links (Genoa, Livorno, Nice) while Calvi is smaller and scenic with its own citadel, so pick whichever matches your ferry/flight routing.",1
Bavella,FR,France,41.7833,9.2167,"The Col de Bavella is a mountain pass beneath the Aiguilles needle peaks and a common day-hike base, also crossed by the long-distance GR20 trail — good option for a shorter taste of that trek without committing to the full route.",2
Bayeux (temporary exhibitions),FR,France,49.2764,-0.7025,"With the actual Tapestry closed until autumn 2027, Bayeux Cathedral (the building it was likely made for) and the Battle of Normandy Memorial Museum are what fill the visit instead — the museum's own website also offers a free scene-by-scene online viewer as a stand-in.",2
Bonifacio,FR,France,41.3869,9.1595,The King of Aragon's Staircase (187 steps carved into the cliff) leads down to the sea below the citadel; boat trips out of the harbor give the classic view of the town perched on the limestone overhang.,6
Calvi,FR,France,42.5677,8.7573,A Genoese citadel on a headland above a sandy bay and marina; walk the citadel ramparts at sunset for the best view over the gulf.,2
Camargue day trip (Saintes-Maries-de-la-Mer),FR,France,43.4522,4.4283,"The wetland delta south of Arles known for wild pink flamingos, salt flats, and semi-wild white horses; the Parc Ornithologique de Pont de Gau gives reliable flamingo sightings, best visited early morning for wildlife activity and cooler heat.",1
Cannes,FR,France,43.5528,7.0174,"La Croisette promenade and the Palais des Festivals; avoid during the film festival (mid-May) unless that's the point, otherwise a sunset walk on La Croisette is the move.",1
Cannes (optional),FR,France,43.5528,7.0174,"La Croisette promenade and the Palais des Festivals; avoid during the film festival (mid-May) unless that's the point, otherwise a sunset walk on La Croisette is the move.",1
Cap Blanc-Nez,FR,France,50.9236,1.71,"A chalk headland with the closest clear-day view across to England's White Cliffs of Dover, plus WWII bunkers and a memorial; a short, free walk, best in late-afternoon light.",2
Cap Corse / Nonza,FR,France,42.7889,9.3417,"Corsica's wild northern peninsula, watchtowers, and Nonza's black-pebble beach (tailings from an old asbestos mine) far below the cliffside village; view the beach from Nonza's Genoese tower rather than climbing all the way down.",1
Cap Fréhel,FR,France,48.6836,-2.3247,"One of Brittany's most dramatic headlands, pink sandstone/granite cliffs dropping into the sea with a lighthouse at the tip; also a seabird nesting site (guillemots, kittiwakes) best appreciated with binoculars in late spring/early summer.",3
Cap Gris-Nez,FR,France,50.8564,1.5872,"The Channel's narrowest crossing point (~34km to England), with a working lighthouse and reliable seal-spotting on the rocks below; quieter than Cap Blanc-Nez and works well as a short add-on paired with it rather than a separate stop.",2
Carnac (megaliths),FR,France,47.5834,-3.0797,"Beyond their age, the scale is the real hook — over 3,000 standing stones across the Ménec, Kermario and Kerlescan alignments, more than a mile of rows combined. In peak season the main alignments are typically fenced and only accessible on a guided tour; outside roughly July-August you can usually walk the perimeter paths freely.",2
Chamonix (Mont Blanc),FR,France,45.9237,6.8694,"The historic birthplace of mountaineering, sitting at the foot of Mont Blanc (Western Europe's highest peak); besides the cable car, the Montenvers rack railway up to the Mer de Glace glacier is worth a half-day if you have extra time.",2
Colmar,FR,France,48.0794,7.3585,"Colmar's old town, especially the ""Petite Venise"" canal district, is the best-preserved fairy-tale half-timbered core on the Alsace Wine Route — walk it at dusk once the day-trip buses have thinned.",1
"Colmar (base — old town, Little Venice, Unterlinden)",FR,France,48.0794,7.3585,"A picture-postcard old town with the canal-side ""Little Venice"" quarter and the Unterlinden Museum, home to the Issenheim Altarpiece; walk Little Venice early morning before the day-trip crowds and tour boats arrive.",1
Corte,FR,France,42.3062,9.1499,"The historic mountain capital with a citadel on a rock outcrop, gateway to the Restonica gorge; drive up the narrow Restonica valley road early in the day (parking fills fast in summer) for swimming holes.",3
Côte de Granit Rose,FR,France,48.8339,-3.5772,"The pink granite boulders and rock formations around Ploumanac'h are best seen via the Sentier des Douaniers coastal path between Perros-Guirec and Ploumanac'h — the rocks turn a distinctly rosy color at sunset, so time the walk for late afternoon.",2
Dinan,FR,France,48.4535,-2.0453,"A hilltop medieval town on the Rance river, defined by the cobbled Rue du Jerzual — a steep street of half-timbered artisan houses running down from the old town to the small port below. Walk down and take a more gradual route back up.",2
East coast (Aléria),FR,France,42.1058,9.5108,"A modest Greek/Roman archaeological site and Fort de Matra museum on Corsica's flat eastern coast; a quick 45-60 minute stop is enough, don't expect mainland-scale ruins.",1
"Eguisheim (early, before the tour buses)",FR,France,48.0448,7.3081,"A circular, concentric medieval village of colorful houses wrapped around a central core; go first thing in the morning, as its compact single ring-road layout gets overwhelmed by tour buses by mid-morning.",1
Foix (medieval castle),FR,France,42.9639,1.6053,Dramatic three-towered medieval castle perched on a rock right above the town; climb the towers for valley views and check the small archaeology exhibits inside — about an hour is enough.,1
Gordes (Luberon loop),FR,France,43.9114,5.2003,"A hilltop stone village whose tiered houses form the classic Luberon postcard view; stop at the roadside viewpoint on the D15 below town for that shot, and arrive before 10am as parking is very limited.",1
Grotte de Niaux (prehistoric cave),FR,France,42.7947,1.6067,"One of the few caves in France where you see genuine, un-retouched Magdalenian paintings of bison and horses (Salon Noir), not a replica. Reservation is mandatory and often needed weeks to months ahead in July-August (only 2-10 tours/day); the guided visit runs about 1h45 and the cave stays cold year-round, so bring a jacket.",1
Haut-Koenigsbourg Castle (detour),FR,France,48.2495,7.3444,"A heavily restored medieval hilltop castle with sweeping views over the Alsace plain to the Vosges and Black Forest; allocate about 1.5-2 hours, and book a timed entry slot online in summer to skip the ticket queue.",1
Honfleur,FR,France,49.4189,0.2333,"The Vieux Bassin harbor of tall slate-fronted houses that drew Monet and the Impressionists is the whole point of a stop here; go at golden hour for the reflections, and step into the wooden Sainte-Catherine church, built by shipwrights using boat-building techniques.",3
Kaysersberg,FR,France,48.1391,7.2664,"A wine village with a fortified medieval bridge and the house/museum where Albert Schweitzer was born; it's less crowded than Riquewihr, so it's a good lunch stop, and the Schweitzer museum only takes about 30 minutes.",1
Les Baux-de-Provence (optional),FR,France,43.7443,4.7952,"A hilltop Provençal village crowned by the dramatic ruined Château des Baux perched on sheer limestone cliffs; go before 10am or in late afternoon, since the shadeless ruins draw heavy tour-bus crowds and heat midday.",1
Les Baux-de-Provence + Carrières des Lumières,FR,France,43.7444,4.7947,"The hilltop ruined-castle village paired with the Carrières des Lumières, an immersive digital art projection show inside a former limestone quarry just outside the village; book a timed entry online in advance and allow about 45 minutes for the show.",1
Lille,FR,France,50.6292,3.0573,"Vieux Lille's Flemish-Baroque architecture, especially the ornate Vieille Bourse and Grand Place, is what to see in the couple of hours the block already allots here.",2
Marseille,FR,France,43.2965,5.3698,"From the Vieux Port you can take a short boat out to Château d'If, the island fortress that inspired The Count of Monte Cristo.",2
Marseille (optional),FR,France,43.2965,5.3698,"France's second city and Provence's biggest port, centered on the Vieux-Port and the Le Panier district; cross the Vieux-Port on the small pedestrian ferry rather than walking around it, and add MuCEM.",1
Menton,FR,France,43.7748,7.5039,"The last French Riviera town before Italy, with Belle Époque villas, lemon groves, and gardens like Val Rahmeh climbing toward the old town's Basilique Saint-Michel; stroll the Vieux Port and Cocteau museum, and if visiting in February check the citrus-themed Fête du Citron.",1
Mont Saint-Michel ⭐,FR,France,48.6361,-1.5115,"The abbey and ramparts are the reason to go — day-trip buses swamp the causeway and village mid-day, so aim for early morning or evening after the crowds thin, and check the tide chart since the bay has Europe's most extreme tidal range and occasionally affects the approach.",2
Ménerbes (Luberon loop),FR,France,43.8283,5.1836,"A quieter, less-visited Luberon hilltop village (setting for Peter Mayle's ""A Year in Provence""), with no major sight beyond its lanes and views; treat it as a 30-45 minute lunch stop rather than a long visit.",1
Nice,FR,France,43.7102,7.262,"The Riviera's main city — Promenade des Anglais, Vieux Nice, and the Colline du Château viewpoint; hit the Cours Saleya market in the old town in the morning before it closes.",1
Nice (base),FR,France,43.7102,7.262,"The Riviera's main city — Promenade des Anglais, Vieux Nice, and the Colline du Château viewpoint; hit the Cours Saleya market in the old town in the morning before it closes.",2
Nice (overnight base),FR,France,43.7102,7.262,"The Riviera's main city — Promenade des Anglais, Vieux Nice, and the Colline du Château viewpoint; hit the Cours Saleya market in the old town in the morning before it closes.",1
Nîmes,FR,France,43.8367,4.3601,"The Maison Carrée is one of the best-preserved Roman temples anywhere (nearly complete, not just foundations), and the Arena of Nîmes still hosts bullfights and concerts today — both worth a combined ticket with the Tour Magne.",2
Omaha Beach,FR,France,49.3697,-0.856,"The beach itself is secondary to the Normandy American Cemetery at Colleville-sur-Mer just above it — 9,000+ white crosses overlooking the sand — so budget at least an hour or two there, ideally in late-afternoon light.",3
Piana calanques / Scandola,FR,France,42.2405,8.6339,"Red granite cliff formations along the D81 and Corsica's roadless marine reserve; since Scandola has no land access, book a boat trip from Porto or Cargèse, and drive the calanques road at golden hour for the red rock light.",1
Pointe du Hoc,FR,France,49.3958,-0.9897,"The site where US Army Rangers scaled 30m cliffs under fire on D-Day, preserved with its original bomb craters intact; free entry, self-guided, about an hour is enough, and stay on marked paths since the crater edges are still actively eroding.",3
Pointe du Raz,FR,France,48.0397,-4.7331,"Mainland France's dramatic westernmost headland, with a knife-edge cliff path out to the point over open Atlantic swell. Gets very crowded in summer — arrive early morning or visit off-season to have the clifftop paths to yourself.",2
Pont du Gard,FR,France,43.9474,4.535,You can rent a canoe from nearby Collias to paddle the Gardon river and pass directly underneath the aqueduct — a different vantage point than the standard walkway view on top.,2
Pont du Gard (nearby),FR,France,43.9474,4.535,"The best-preserved Roman aqueduct bridge in the world, spanning the Gardon river near Avignon; go early morning or evening for good light and thinner crowds, and note swimming below the bridge is allowed and popular in summer.",1
Porto-Vecchio / Col de Bavella,FR,France,41.591,9.2795,A southern port town near the jagged Bavella needle peaks; drive the Col de Bavella road and stop at the pass for a short walk right up to the aiguilles.,3
Quiberon,FR,France,47.4844,-3.1204,"A narrow peninsula with two contrasting coasts side by side — the rugged, wave-battered Côte Sauvage on the west, calm sandy beaches on the east — and the main departure point for ferries to Belle-Île. Worth timing a Côte Sauvage stop for a day with some wind/swell for the best wave-watching.",2
Quimper,FR,France,47.996,-4.0977,"Finistère's historic capital, centred on the twin-spired Cathédrale Saint-Corentin and a well-preserved half-timbered old town along the Odet river; also the home of Quimper faience pottery, with workshops/factory shops still open to visit.",2
Rhône wine region (optional),FR,France,44.0558,4.8306,"The Côtes du Rhône vineyards around Avignon, centered on Châteauneuf-du-Pape; book a tasting appointment ahead at a domaine rather than walking in, since many are by-appointment only.",1
Ribeauvillé,FR,France,48.1961,7.3282,"A wine village overlooked by three hilltop castle ruins (Saint-Ulrich, Girsberg, Haut-Ribeaupierre); the hike up to Saint-Ulrich castle takes about 1-1.5 hours round trip and gives the best views over the vineyards.",1
Riquewihr,FR,France,48.1667,7.2971,"A completely walled, flower-covered medieval wine village along one main cobbled street; arrive before 10am or after 5pm, since the single main street gets very congested with tour groups midday.",1
Rouen,FR,France,49.4431,1.0993,"The Gothic Notre-Dame Cathedral (Monet's famous facade series) and the old town where Joan of Arc was tried and burned at Place du Vieux-Marché are the two anchors; half a day covers it, including a slow walk down the Gros-Horloge street.",2
Roussillon (Luberon loop),FR,France,43.9019,5.2944,A Luberon village built from and colored by its ochre-red cliffs; walk the small paid Sentier des Ocres loop (30-45 min) in late-afternoon light when the reds and oranges are most vivid.,1
Saint-Florent / Désert des Agriates,FR,France,42.6789,9.2989,"A chic port town beside a scrubland coastal reserve hiding Corsica's best beach, Saleccia; take the summer boat shuttle from Saint-Florent instead of the rough unpaved track.",1
Saint-Malo,FR,France,48.6493,-2.0257,"The walled old town (rebuilt after WWII bombing but faithfully reconstructed) is best seen by walking the full ramparts circuit, under an hour and giving views over the harbour and offshore forts. Time it around high tide for waves crashing against the sea wall, or low tide to walk out to Fort National on foot.",2
Strasbourg,FR,France,48.5734,7.7521,The Gothic cathedral (climb the tower platform for rooftop views) and the canal-laced half-timbered Petite France quarter are the two things to prioritize; both fit into a half-day on foot.,1
"Strasbourg (Petite France, cathedral + astronomical clock)",FR,France,48.5734,7.7521,"Alsace's capital, centered on the half-timbered canal district of Petite France and the Gothic Notre-Dame cathedral; time your cathedral visit for around 12:30pm to catch the astronomical clock's daily figures show.",1
Tarascon-sur-Ariège,FR,France,42.8461,1.6008,"Small town that's the practical base/gateway for several prehistoric painted caves nearby (Niaux, Grotte de la Vache, Parc Pyrénéen de l'Art Préhistorique); use it to organize cave visits rather than as a destination in itself.",1
Turckheim,FR,France,48.0847,7.2778,"A small fortified wine village known for its nightly traditional town-crier (guet) walk through the streets in period costume; time your visit to the evening (roughly May-October) to catch this free walk, otherwise it's a quick 30-45 minute stop.",1
Villefranche-sur-Mer,FR,France,43.7044,7.3097,"A deep natural bay ringed by a pastel old town and the small Chapelle Saint-Pierre decorated inside by Jean Cocteau; check the cruise-ship schedule and pick a day without one docked for a quieter waterfront, and budget just 1-2 hours here.",1
Èze,FR,France,43.7278,7.3617,"A clifftop medieval village of stone lanes above the Riviera, capped by the Jardin Exotique's panoramic coastal view; go early morning or at sunset to dodge the day-tripper coach crowds that clog the village midday.",1
Étretat,FR,France,49.7075,0.2036,"Famous for the chalk cliffs and natural arches (Porte d'Aval, the needle-like Aiguille) that inspired Monet and Maupassant; the village's parking fills up fast by mid-morning in season, so arrive early or park further out and walk in.",2
Libreville,GA,Gabon,0.4162,9.4673,"Mostly a gateway city, but the Arboretum de Sibang (170 tree species, a quiet rainforest patch inside the city) and L'Église Saint-Michel de Nkembo (31 hand-carved wooden columns depicting Bible scenes) are worth a half-day before heading on to the parks. Note the arboretum keeps limited weekday hours (Mon-Fri, roughly 9am-3pm) and needs someone on-site to unlock the gate.",3
"Loango National Park (surfing hippos, forest elephants on the beach)",GA,Gabon,-2.3667,9.5667,"Beyond the beach hippos/elephants, a boat safari up the Ngové/Echira rivers to Akaka camp (about 60km from the main Loango camps) gives close river-bank encounters with forest elephants and buffalo, plus a chance to snorkel alongside elephants in shallow water — an experience unique to Loango. Akaka closes in the rainy season, so this only works in the dry-season window (roughly June-August/September) already best for the route.",3
"Pongara National Park (mangroves/rainforest, ≈45 min boat from Libreville)",GA,Gabon,0.3833,9.35,"One of the world's most important leatherback turtle nesting beaches — roughly 3,500+ nests a year between October and April, peaking December-February — alongside its mangroves and rainforest. Time the visit for a night nesting/hatching walk in-season; outside that window it's a quieter mangrove-channel and beach visit instead.",3
Antrim Coast / Causeway Coastal Route,GB,United Kingdom,55.2,-6.3,"Northern Ireland's dramatic coastal drive linking sights like the Giant's Causeway, Dunluce Castle, and Ballintoy; allocate a full day to the drive itself, not just the Giant's Causeway stop, for the smaller viewpoints along the way.",2
Applecross Pass,GB,United Kingdom,57.4358,-5.6414,"Bealach na Bà is Britain's highest road climb outside the Cairngorms — a single-track hairpin ascent to a wild moorland summit, then a steep drop to the remote Applecross peninsula. Tip: only attempt it in good weather/daylight (it's genuinely not suitable for larger vehicles or in fog/ice), and the Applecross Inn at the bottom is a legitimately good seafood stop, not just a ""made it"" reward.",2
Applecross Pass / Bealach na Bà,GB,United Kingdom,57.4358,-5.6414,"One of the UK's highest and steepest roads, a single-track switchback climb with views to Skye from the summit; avoid it in winter, fog, or with a large campervan, and budget extra driving time for the hairpins.",1
Bamburgh Castle,GB,United Kingdom,55.6088,-1.7086,"A working Norman castle perched on a basalt outcrop directly above a vast empty beach — one of Britain's most photogenic castle-and-coast combinations, especially at low tide when the sand mirrors the walls. Tip: pair it with a boat trip to the Farne Islands from nearby Seahouses (puffins May-July, grey seals year-round) rather than treating Bamburgh as a photo-only stop.",2
Bath,GB,United Kingdom,51.3811,-2.359,"Beyond the Roman Baths themselves, the Georgian Royal Crescent and Pulteney Bridge (shops built directly across it, one of only a few bridges like this in the world) are worth the short walk. Book Roman Baths tickets online for a timed entry slot — walk-up queues in summer regularly run over an hour.",2
Bath (Roman Baths),GB,United Kingdom,51.3811,-2.359,"A well-preserved ancient Roman bathing complex fed by natural hot springs, set within Bath's wider Georgian architecture (Royal Crescent, Pulteney Bridge); buy timed tickets online in advance to skip the queue.",2
Belfast,GB,United Kingdom,54.5973,-5.9301,"Titanic Belfast, built on the actual slipway where the ship was constructed, is the standout modern museum; the Black Cab political history tours through the Falls Road/Shankill murals and Peace Walls are the other distinct Belfast experience nothing else on this route replicates. Tip: book the Black Cab tour rather than self-walking — the drivers (often from the communities themselves) are what make it worthwhile.",2
Belfast (Titanic Belfast),GB,United Kingdom,54.6079,-5.9099,A Titanic-themed museum built on the original Harland & Wolff shipyard slipways where the ship was constructed; allow 2-2.5 hours and book online in advance for a guaranteed time slot in summer.,2
Bourton-on-the-Water (Cotswolds),GB,United Kingdom,51.8767,-1.7546,"A Cotswolds village where the River Windrush runs through the center crossed by several low stone footbridges; it's a popular midday tour-bus stop, so an early morning visit avoids the crowds and an hour is enough to see it.",1
Brecon Beacons/Bannau Brycheiniog,GB,United Kingdom,51.8836,-3.436,"Pen y Fan (886m) is the highest point and the classic there-and-back hike (2-3 hours from the Pont ar Daf car park); the Four Falls Trail near Ystradfellte is the easier waterfall-focused alternative if you want a shorter day. Note the National Park officially rebranded from ""Brecon Beacons"" to ""Bannau Brycheiniog"" in 2023.",2
Cairngorms National Park,GB,United Kingdom,57.0833,-3.6667,"The UK's largest national park — high sub-arctic plateau, reindeer herds (the only free-ranging herd in Britain, near Aviemore), and the start of Speyside whisky country. Tip: the funicular/chairlift up Cairn Gorm gives mountain views without a full hike if time is tight.",3
Cairngorms National Park / Perthshire,GB,United Kingdom,56.7833,-3.9333,"Perthshire (""Big Tree Country"") adds lochs like Loch Tay, glens, and whisky distilleries around Pitlochry and Dunkeld to the Cairngorms' mountain scenery; a whisky distillery stop pairs naturally with a Cairngorms driving day.",1
Canterbury,GB,United Kingdom,51.2802,1.0789,"Canterbury Cathedral (UNESCO, seat of the Archbishop of Canterbury and the murder site of Thomas Becket) is the reason to stop, with the medieval Chaucer connection giving the old town its literary weight. Go early morning or after 4pm — tour coaches fill the cathedral precinct midday and services periodically close parts of the nave to visitors.",2
Carrick-a-Rede Rope Bridge,GB,United Kingdom,55.2396,-6.3419,"A rope bridge crossing to a small island with nesting seabird cliffs off the Antrim Coast; book timed tickets in advance for summer since they frequently sell out, and note the bridge can close in high wind.",2
Causeway Coastal Route,GB,United Kingdom,55.2,-6.3,"The A2 linking Belfast to the Causeway is one of the UK's best coastal drives in its own right, with Carrick-a-Rede's rope bridge (crossing to a tiny former salmon-fishing island, big drop below) as its standout stop besides Giant's Causeway and Dark Hedges. Tip: Carrick-a-Rede requires pre-booked timed-entry tickets online — it regularly sells out same-day in summer, so book before arriving in the area.",2
Conwy Castle,GB,United Kingdom,53.2799,-3.8278,"One of Edward I's ""Iron Ring"" castles and a UNESCO World Heritage Site, still with an intact town wall you can walk almost the full circuit of. Climb the castle's towers for a view over the estuary and the walled town together — better value than the castle interior alone.",4
Cotswolds,GB,United Kingdom,51.883,-1.8433,"Bibury's Arlington Row weavers' cottages and Bourton-on-the-Water's low stone footbridges over the River Windrush are the two most-photographed spots and both are tiny, walkable in under an hour each. Arrive before mid-morning — these villages have almost no capacity for the coach-tour crowds that arrive by midday in summer.",2
Dark Hedges,GB,United Kingdom,55.1725,-6.3345,"Bregagh Road itself is closed to normal traffic at the hedges section (pedestrian/cyclist access only), so plan for a short walk in from designated parking rather than expecting to drive right up — arriving at opening time avoids both the crowds and the tour-bus crush.",2
Dover (White Cliffs),GB,United Kingdom,51.1279,1.3134,"Dover Castle's Secret Wartime Tunnels, carved into the cliffs themselves, are the standout beyond the view — Operation Dynamo (Dunkirk evacuation) was run from here. Walk the National Trust cliff-top path east of the castle for the classic white-cliffs-over-the-Channel photo rather than just the car park viewpoint.",2
Durness,GB,United Kingdom,58.5661,-4.75,"A remote north-coast village on the NC500, next to Smoo Cave, a large sea cave with a waterfall inside; it's free and only a short walk from the car park, worth 30-45 minutes.",1
Edinburgh,GB,United Kingdom,55.9533,-3.1883,"Edinburgh Castle dominating the skyline and the Royal Mile connecting it to Holyrood are the spine of the city, but the climb up Arthur's Seat (an extinct volcano inside the city, ~1-2hr round trip) gives the best panoramic payoff for relatively little effort. Tip: book castle tickets online in advance for a specific time slot — walk-up queues at the gate can run long even outside Fringe season.",4
Fairy Pools,GB,United Kingdom,57.2456,-6.2597,"A chain of clear waterfall pools on Skye popular for wild swimming; it's a 30-45 minute walk each way on a rough path, the water is glacially cold, and going early on a weekday avoids the tour-bus crowds.",1
Fort William,GB,United Kingdom,56.8198,-5.1052,"The ""Outdoor Capital of the UK"" at the foot of Glen Nevis, main base for climbing Ben Nevis; even without hiking the summit, drive the short Glen Nevis road for close-up mountain scenery in under an hour.",2
Fort William / Ben Nevis,GB,United Kingdom,56.8198,-5.1052,"The ""Outdoor Capital of the UK"" at the foot of Glen Nevis, main base for climbing Ben Nevis; even without hiking the summit, drive the short Glen Nevis road for close-up mountain scenery in under an hour.",1
Giant's Causeway,GB,United Kingdom,55.2408,-6.5116,The columns and coastal path are free and open to the public year-round — only the visitor centre car park/exhibition charges an entry fee — so it's worth skipping the centre and walking straight down if budget-conscious.,4
Glencoe,GB,United Kingdom,56.6836,-5.103,"Scotland's most dramatic glen — steep, glacier-carved walls and the Three Sisters ridge line make it one of the most photographed stretches of the Highlands (and a recurring James Bond/Harry Potter filming backdrop). Tip: the view is best from the Glencoe Lochan or the small layby viewpoints on the A82 itself — you don't need a long hike to get the classic shot, just good light and no rushing through.",6
Glenfinnan Viaduct,GB,United Kingdom,56.8764,-5.4297,"The 21-arch curved viaduct made famous as the Hogwarts Express bridge, with the Glenfinnan Monument to the 1745 Jacobite rising at the loch below. Tip: the Jacobite steam train crosses it roughly twice a day (Apr-Oct, Mon-Fri, sometimes extending to weekends in summer) and needs booking well ahead — but the classic photo is just as achievable free from the viewpoint trail above the visitor centre without catching the train at all.",2
Holyhead (ferry port),GB,United Kingdom,53.3094,-4.6367,"Mostly just a transit point for the Ireland ferry with little to see in the town itself; if there's time, the South Stack lighthouse cliffs just outside town are a worthwhile short detour.",1
Inverness,GB,United Kingdom,57.4778,-4.2247,"The Highland capital — walkable riverside town, useful base for Loch Ness day trips and the start/end of the NC500 rather than a sightseeing destination itself; half a day is plenty.",3
Inverness (NC500 start/end),GB,United Kingdom,57.4778,-4.2247,"The Highland capital — walkable riverside town, useful base for Loch Ness day trips and the start/end of the NC500 rather than a sightseeing destination itself; half a day is plenty.",1
Isle of Skye (Portree),GB,United Kingdom,57.4128,-6.1943,"Skye's colorful harbor capital, known for its row of painted waterfront buildings; parking fills up fast in high season, so arrive in the morning and allow 1-2 hours.",1
"Isle of Skye ⭐ (Old Man of Storr, Fairy Pools, Quiraing)",GB,United Kingdom,57.4128,-6.1943,"Beyond the block-level Storr/Fairy Pools/Quiraing days, Portree's harbourfront is the natural overnight base, and Neist Point's lighthouse walk is the island's best sunset spot if you have a free evening. (Talisker Distillery, on the way to/from Neist Point, is worth a stop if whisky interests the group.)",2
John o' Groats,GB,United Kingdom,58.6373,-3.0699,"Mainland Britain's classic ""end of the road"" signpost photo stop on the NC500; note the actual northernmost point of mainland Britain is nearby Dunnet Head, not here — 30 minutes is enough for John o' Groats itself.",1
Jurassic Coast,GB,United Kingdom,50.6167,-2.4667,"Durdle Door's natural limestone arch and neighbouring Lulworth Cove are the single most iconic stop along this coastline. For fossil-hunting, Charmouth and Lyme Regis beaches are best right after a storm or at low tide, when fresh material has been exposed from the cliffs.",2
Keswick,GB,United Kingdom,54.6013,-3.1352,A good hiking base with Derwentwater and the Catbells fell walk right on its doorstep — Catbells is short (2-3 hours) and one of the best low-effort ridge views in the Lakes. The Keswick Launch boat on Derwentwater is a handy way to start or end a fell walk from a different shore point.,2
Land's End,GB,United Kingdom,50.0657,-5.7139,"The mainland's westernmost point, with genuinely dramatic Atlantic cliffs — but the visitor complex itself is a paid, theme-park-style attraction. Skip the paid extras and just walk the coast path a mile or so to Sennen Cove for the same cliff scenery plus a proper beach, without the entry fee or crowds.",2
Loch Ness,GB,United Kingdom,57.3241,-4.4407,"Scotland's deepest loch, famous for the ""monster"" legend, with the ruined Urquhart Castle perched on its shore giving the best loch views; take a short boat cruise from Drumnadrochit past the castle rather than just viewing from the road.",1
Loch Ness / Urquhart Castle,GB,United Kingdom,57.3241,-4.4407,"Scotland's deepest loch, famous for the ""monster"" legend, with the ruined Urquhart Castle perched on its shore giving the best loch views; take a short boat cruise from Drumnadrochit past the castle rather than just viewing from the road.",1
Loch Ness/Inverness,GB,United Kingdom,57.4778,-4.2247,"Inverness is the practical Highland capital/gateway; the actual highlight is Urquhart Castle's ruins on the loch shore, which give the best vantage for loch-monster photo ops and loch views alike. Tip: a short loch cruise from the castle (rather than driving the whole shoreline) is the most efficient way to see Loch Ness without adding a half-day.",2
Londen,GB,United Kingdom,51.5074,-0.1278,"With only a brief stop, pick one anchor rather than skimming the whole city — Westminster/Big Ben plus a river walk along the South Bank covers the classic skyline in a few hours. A single Tube day pass (contactless card works directly, no ticket needed) beats trying to drive or find parking anywhere central.",2
London (British Museum),GB,United Kingdom,51.5194,-0.127,"Free entry to one of the world's great collections, including the Rosetta Stone and an extensive Egyptian mummies gallery; book a free timed-entry slot online ahead and arrive right at opening (10am) to beat the crowds, and allow at least half a day.",1
"North Coast 500 (gedeeltelijk, tot Ullapool)",GB,United Kingdom,57.8951,-5.1626,"This stretch (Applecross area up to Ullapool) is the NC500's wildest section — empty single-track roads, sea lochs, and small fishing harbours with barely any traffic. Tip: fuel stations are sparse and irregular in opening hours on this leg — fill up whenever the tank is below half, not just when it's low.",2
Northumberland,GB,United Kingdom,55.2833,-2.0167,"Beyond Bamburgh, the region's draw is Hadrian's Wall's best-preserved forts (Housesteads, Vindolanda) and England's largest Dark Sky Park for stargazing. Tip: Alnwick Castle (Harry Potter's Hogwarts exteriors) is worth a detour if timing allows, but don't try to fit it in alongside Hadrian's Wall on the same day — they're on opposite sides of the county.",2
Old Man of Storr,GB,United Kingdom,57.5074,-6.1826,"A distinctive rock pinnacle on Skye reached by a popular uphill trail; the walk to the viewpoint takes 45-60 minutes, and the pay car park fills by mid-morning in summer, so go early or in evening light.",1
Pembrokeshire Coast Path,GB,United Kingdom,51.6214,-5.0246,"The coastline around St Davids (Britain's smallest city) and the Blue Lagoon at Abereiddy are the highlights — a sea-kayaking or coasteering session here is the area's signature activity, not just a coastal walk.",3
Portree,GB,United Kingdom,57.4128,-6.1943,"Skye's colorful harbor capital, known for its row of painted waterfront buildings; parking fills up fast in high season, so arrive in the morning and allow 1-2 hours.",1
Quiraing,GB,United Kingdom,57.6444,-6.2725,"A landscape of rock towers and hidden green valleys on Skye, walked as a loop; the full loop takes about 3 hours, but a 20-minute walk from the car park already reaches the main viewpoint if time is short.",1
Scafell Pike,GB,United Kingdom,54.4544,-3.21,"England's highest peak (978m) and one leg of the ""Three Peaks Challenge."" The Corridor Route or Wasdale approach are less crowded and arguably more scenic than the standard Borrowdale/Seathwaite path; allow a full day and expect fast-changing weather even in summer.",2
Skye Bridge,GB,United Kingdom,57.2667,-5.7333,"The bridge linking Skye to the mainland at Kyle of Lochalsh, toll-free since 2004 after once being one of the most expensive tolls per mile in the world; it's a quick drive-through, worth only a brief photo stop, not a real destination.",1
Snowdon / Yr Wyddfa (Snowdonia),GB,United Kingdom,53.0685,-4.0763,"Wales's highest mountain (1,085m), with the Snowdon Mountain Railway running to the summit; book railway tickets well ahead for summer as they sell out, or if hiking, the Llanberis Path is the easiest route at around 6 hours round trip.",1
Snowdonia/Eryri,GB,United Kingdom,53.0685,-4.0763,"Snowdon/Yr Wyddfa (1,085m) is Wales's highest peak and the obvious draw; the Llanberis Path is the easiest ascent, while the Pyg Track/Miners' Track combo gives better views for a moderately fit hiker. Book the Snowdon Mountain Railway well ahead if you'd rather ride than climb — it sells out on clear-forecast days.",2
South West Coast Path,GB,United Kingdom,50.0453,-5.6497,"If only walking one section, the Zennor-to-St Ives stretch (wild moorland dropping straight to granite cliffs, no road access) is one of the most dramatic and manageable-length segments in this part of Cornwall. Because the path constantly climbs in and out of coves rather than running flat, a given mileage takes noticeably longer here than the same distance on level ground — pad your time estimate accordingly.",2
St Ives,GB,United Kingdom,50.211,-5.48,"A working fishing harbour that became an artist colony for its unusual light — Tate St Ives and the Barbara Hepworth Museum are the concrete reason to stop, plus Porthmeor Beach right below the gallery. Don't drive into the old town itself; park at the park-and-ride on the outskirts, since the medieval streets are effectively unnavigable and unparkable by car in season.",2
St Michael's Mount,GB,United Kingdom,50.118,-5.4767,"Beyond the tidal crossing, the summit holds a genuine medieval priory-turned-castle (still a private St Aubyn family home in part) with subtropical terraced gardens cut into the rock. The castle and gardens keep more limited opening days than the island/causeway itself (often closed on Saturdays and in winter) — check the current schedule before making the interior your main reason to go, not just the walk-over.",2
Stirling,GB,United Kingdom,56.1233,-3.9475,"A historic city built around Stirling Castle, near the sites of the battles of Stirling Bridge and Bannockburn; the castle alone deserves a half day, and buying tickets in advance is worth it in peak season.",1
Stonehenge,GB,United Kingdom,51.1789,-1.8262,"As a short drop-in stop, the standard visit is viewing the circle from the roped perimeter path, not walking among the stones. Book the timed-entry ticket online in advance (English Heritage/National Trust) — on-the-day availability is limited and car park access is tied to your slot time.",3
Tintagel Castle,GB,United Kingdom,50.668,-4.759,"Beyond the Arthurian legend, the 2019 footbridge spanning the 60m gorge between mainland and headland is itself a striking piece of engineering and the easiest way across (the alternative is a steep original stair down and back up). Site involves a lot of uneven cliff-top ground and steps, so allow more time than the small map suggests, and check tide times if you want to reach Merlin's Cave at the base, which floods at high tide.",2
Ullapool,GB,United Kingdom,57.8951,-5.1626,"A fishing port on Scotland's northwest coast and the ferry gateway to Stornoway/Outer Hebrides; if continuing by ferry, book the crossing well ahead for summer travel.",1
Windermere,GB,United Kingdom,54.372,-2.908,"England's largest lake and the Lake District's main gateway; a Windermere Lake Cruises boat trip between Bowness, Ambleside, and Lakeside is the easiest way to see the shoreline without a car. Bowness-on-Windermere gets crowded in summer — an early morning or off-season visit is noticeably quieter.",2
York,GB,United Kingdom,53.96,-1.0873,"The walkable medieval core — York Minster's Gothic towers and the crooked, timber-framed Shambles — makes this a full city stop rather than a drive-through. Tip: walk (or rent a bike for) a stretch of the intact city walls at golden hour for the best skyline views, and book Minster tower-climb tickets ahead since they're timed-entry and cap daily numbers.",2
Yorkshire Dales,GB,United Kingdom,54.2361,-2.15,Rolling limestone valleys stitched together with drystone walls and Georgian market towns — Malham Cove's curved limestone amphitheatre and the short walk up to Malham Tarn are the single best stop if you only have half a day here.,2
Grand Etang National Park,GD,Grenada,12.0833,-61.6833,"Beyond the crater lake itself, mona monkeys gather near the visitor center and will approach for food — arrive earlier in the day for better monkey sightings and cooler hiking conditions on the longer trails.",3
Underwater Sculpture Park,GD,Grenada,12.0742,-61.7325,"Jason deCaires Taylor's submerged figures (including the striking circular ""Vicissitudes"" group) sit in under 3m of water in Molinere Bay, reachable only by boat from St. George's or Grand Anse — a $1 marine-park wristband is required and most tours supply mask/fins/life vest.",3
spice plantations (nutmeg),GD,Grenada,12.1667,-61.7333,"Grenada is nicknamed the ""Isle of Spice""; the Gouyave Nutmeg Processing Station on the west coast is the place to see the sorting/drying process in a working facility rather than a staged plantation tour.",3
Batumi,GE,Georgia,41.6168,41.6367,"Black Sea beach resort feel with a Vegas-lite skyline (casinos, Alphabet Tower); also the place to try Ajarian khachapuri (boat-shaped, with a raw egg and butter stirred in).",3
Kazbegi,GE,Georgia,42.6572,44.6461,"The hike up to Gergeti Trinity Church (2,170m) takes about 2-3 hours on foot, or a shared 4x4 taxi from town covers it in 20 minutes if you skip the walk.",3
Kutaisi,GE,Georgia,42.2679,42.6946,Gelati Monastery and Prometheus Cave are the two big day-trip draws; Okatse Canyon's cliffside walkway is also within reach if you have a car.,3
Mestia (Svaneti),GE,Georgia,43.0454,42.7276,"The multi-day trek to Ushguli (one of the highest continuously inhabited villages in Europe) passing the medieval defensive towers is the signature activity here, not just the town itself.",3
Sighnaghi,GE,Georgia,41.6206,45.9184,"Small walled hilltop town in the Kakheti wine region; pair it with a stop at nearby Bodbe Monastery, and it's an easy base for visiting family wineries in the surrounding villages.",3
Tbilisi,GE,Georgia,41.7151,44.8271,The Abanotubani sulfur bathhouse district is worth budgeting a couple hours and some extra cash for a private room with a scrub/massage — a distinct experience from just walking the Old Town.,3
German occupation bunkers (WWII),GG,Guernsey,49.4326,-2.535,"Guernsey's clifftops still hold intact German gun emplacements and bunkers (e.g. around Pleinmont and Fort Hommet) that are free to walk into, unlike the curated museum experience of Jersey's War Tunnels — most sit right on the coastal path, so they're easy to fold into a walk rather than needing a dedicated visit.",2
St Peter Port,GG,Guernsey,49.4551,-2.5359,"Guernsey's compact harbour capital, built up a steep hillside — Castle Cornet guards the harbour mouth and Victor Hugo's Hauteville House (where he wrote much of Les Misérables in exile) is the standout interior stop. The old town core is walkable in half a day; the short climb to Candie Gardens is worth it for the view back over the harbour.",3
coastal walks,GG,Guernsey,49.47,-2.58,"Guernsey's south coast cliff path (roughly St Peter Port to Pleinmont) is the best stretch — steep wooded valleys dropping to coves like Moulin Huet and Petit Bot, very different from the flatter, more built-up north coast. Go in spring for wildflowers and cooler conditions on the exposed clifftop sections.",2
Accra,GH,Ghana,5.6037,-0.187,"Ghana's capital is worth it for Jamestown's old lighthouse/fishing harbour and the sprawling Makola Market, not the modern city center. Go to Jamestown in the morning when the fishing canoes come in — it's the most photogenic and least staged part of the visit.",3
Cape Coast Castle,GH,Ghana,5.1053,-1.2466,"Served as the British Gold Coast headquarters and had the largest slave dungeons on this coast, with the ""Door of No Return"" opening straight onto the Atlantic; book the guided tour (included with the ticket) rather than walking it alone — the guides' testimony is the actual substance of the visit.",3
Elmina Castle,GH,Ghana,5.0844,-1.3499,"Built by the Portuguese in 1482, it's the oldest European-built structure in sub-Saharan Africa (originally a trading fort before becoming a slave-trade hub); the upper ramparts give the clearest view of how the fort, town, and fishing harbour physically interlock.",3
Kakum National Park (canopy walkway),GH,Ghana,5.35,-1.3833,Ghana's rainforest canopy walkway runs about 350m across 7 treetop platforms up to 40m high. Go right at opening (visit before ~10am) — by mid-morning it fills with school groups and the wildlife-viewing window closes.,3
"Volta Region (Wli Falls, Mount Afadjato)",GH,Ghana,6.8667,0.4667,"Wli Falls is the highest waterfall in Ghana and in West Africa (~80m upper drop), and nearby Mount Afadjato is Ghana's highest peak — pair the falls' easy 45-min walk with Afadjato's steeper 1-2hr summit hike if time allows. Go in/just after rainy season (roughly April-October) for the falls at full flow.",3
Rock of Gibraltar,GI,Gibraltar,36.1408,-5.3536,"A limestone monolith you ride a cable car up for views across the Strait to Africa, with wild Barbary macaques roaming the upper station and nature reserve trails; book the cable car/Nature Reserve combined ticket ahead in peak season and go early to avoid both crowds and the macaques' aggressive food-snatching hours.",1
St Michael’s Cave,GI,Gibraltar,36.1359,-5.3453,"A large limestone cave inside the Rock whose main chamber, ""Cathedral Cave,"" is used as a concert and events venue; it's included in the Nature Reserve ticket (no separate ticket needed), and 20-30 minutes is enough unless there's a scheduled event.",1
Boat trips (e.g. Eqi Glacier),GL,Greenland,69.8167,-50.3167,"Day or overnight boat excursions from Ilulissat to the Eqi Glacier (""calving glacier"") let you watch active ice-calving events from a safe distance on the water. Note there's some sound-delay — the crack/roar arrives a few seconds after you see the ice fall, so it can catch first-timers off guard.",2
Disko Bay,GL,Greenland,69.25,-53,"The open bay where Icefjord icebergs end up, often towering and dense enough to look like a floating ice field; best appreciated from a small boat tour, which also has good odds of humpback whale sightings.",2
Icefjord (Ilulissat Icefjord),GL,Greenland,69.1833,-51.05,A UNESCO World Heritage site where the Sermeq Kujalleq glacier — one of the fastest-moving and most productive outside Antarctica — calves the icebergs that drift through Disko Bay; free marked hiking trails from Ilulissat (roughly 1.5-3 hours) reach viewpoints without needing a boat.,2
Ilulissat,GL,Greenland,69.2198,-51.1,"Greenland's third-largest town and the main gateway to the Icefjord, with more sled dogs than people living there — the town itself is walkable in under an hour, so most time here is spent on Icefjord/boat activities rather than in town.",2
Inuit culture (Nuuk),GL,Greenland,64.1836,-51.7214,"The Greenland National Museum here holds the Qilakitsoq mummies, remarkably preserved 15th-century Inuit remains — the single most worthwhile exhibit if you only have time for one museum in Nuuk.",2
Nuuk,GL,Greenland,64.1836,-51.7214,"Greenland's small, colorful capital, worth a wander through the old colonial harbour area; a fjord boat trip from town is the easiest way to see icebergs and possibly whales without going further north.",2
Banjul,GM,Gambia,13.4549,-16.579,"The Gambia's small, low-key capital is more a logistics stop than a highlight — Albert Market for everyday local life and the Arch 22 monument (with a rooftop city view) are the two things worth a quick look. Most visitors only pass through for a few hours before heading to Serekunda/the coast or upriver — don't plan more than half a day here.",3
Gambia River (boat cruise),GM,Gambia,13.45,-15.5,"The river cruise's draw is wildlife, not scenery for its own sake: upriver toward Kuntaur/River Gambia National Park you can spot hippos, crocodiles, and — via the Chimpanzee Rehabilitation Project on the ""Baboon Islands"" — rescued chimps that often come down to the water's edge around mid-afternoon. Time the boat trip for early morning (hippos, birdlife) or ~3pm (chimps at the riverbank).",3
"Kunta Kinteh Island (UNESCO, slavery history)",GM,Gambia,13.2833,-16.05,"Beyond its major slavery-heritage significance, the practical visit is a short pirogue crossing from Albreda/Juffureh village — the same village made famous as the ancestral home in Alex Haley's novel ""Roots."" Pair the island visit with a short walk through Juffureh/Albreda itself rather than treating it as a boat-out-boat-back stop.",3
Makasutu Culture Forest,GM,Gambia,13.3667,-16.6333,"A private reserve of palm forest, savanna, and mangrove about an hour from Banjul, best known for a pirogue trip through mangrove channels plus guided walks past palm-wine tapping and a crafts centre. Full-day tours combine the forest/mangrove walk with a traditional drumming/dance demonstration — worth booking as a full day, not a quick stop, to get all of it.",3
Carbet Falls,GP,Guadeloupe,16.0472,-61.6167,"Three cascades on the same river: the lowest (Carbet 3) is a flat 10-minute walk from the car park, while the tallest (Carbet 1, 115m) requires a longer forest hike — pick based on how much time you have rather than trying to see all three.",3
La Soufrière (volcano),GP,Guadeloupe,16.0456,-61.6654,"The well-marked summit trail takes under 2 hours round-trip and needs no guide, though a roped-off fumarole zone near the top does — check the current activity/alert level before setting out since access can be restricted with little notice.",3
Îles des Saintes,GP,Guadeloupe,15.8667,-61.5833,"Rent a scooter on arrival in Terre-de-Haut to cover the island in a day: climb to Fort Napoléon for the best bay panorama, then cool off at Pain de Sucre beach on the northwest tip.",3
Adamas (Milos),GR,Greece,36.7275,24.4306,"Milos's low-key main port, with a colorful waterfront that's the departure point for boat tours to the island's sea caves and Kleftiko's white rock formations. Book a Kleftiko boat tour a day or two ahead in high season — it's the main reason to base here and boats fill up.",1
Athens,GR,Greece,37.9838,23.7275,"The Acropolis Museum's top-floor gallery is built at the same orientation and dimensions as the Parthenon itself, so you view the surviving frieze slabs while looking straight at the real building through glass walls.",7
Athens (arrival),GR,Greece,37.9838,23.7275,"The Acropolis and Parthenon, the Plaka old town below it, and the Acropolis Museum are the core of the city; buy the Acropolis combo ticket online and go right at the 8am opening to beat both heat and tour-bus crowds.",1
Chania,GR,Greece,35.5138,24.018,The Venetian harbor and its lighthouse are the visual centerpiece; the old town's architecture is a mix of Venetian and later Ottoman layers.,3
Corinth,GR,Greece,37.9407,22.9337,"Ancient Corinth's ruins (Temple of Apollo, agora) sit below the fortified hilltop of Acrocorinth, while the separate Corinth Canal a few km away is the more striking quick stop; a short visit to both fits in half a day, the canal bridge is worth 15 minutes for the view straight down the cut.",1
Delphi,GR,Greece,38.4824,22.501,The museum's bronze Charioteer statue (found remarkably intact) is the highlight; the circular Tholos ruin at the nearby Marmaria sanctuary is the most photographed structure at the site.,5
Edessa,GR,Greece,40.7994,22.0475,"A small northern Greek town built around waterfalls that drop right in the town center, with a walkable park (Kataraktes) around them. A short visit of about an hour is enough; flow is most dramatic in spring.",1
Epidaurus,GR,Greece,37.596,23.0778,"The best-preserved ancient Greek theater, famous because a coin dropped or a whisper from the center of the circular orchestra is audible from the top row; test the acoustics yourself from the center point, and check if an Athens & Epidaurus Festival performance is on during your visit for an evening show in the theater.",2
Halkidiki,GR,Greece,40,23.6,"Three finger-like peninsulas: Kassandra and Sithonia for beaches, and Mount Athos as an all-male monastic republic with restricted access; Sithonia's beaches are quieter and less developed than Kassandra's, and any Mount Athos visit needs a permit arranged months in advance.",1
Heraklion,GR,Greece,35.3387,25.1442,"The Archaeological Museum here, not Knossos itself, holds the actual Minoan treasures including the undeciphered Phaistos Disc — worth visiting before or after Knossos to see what was found there.",4
Ios (Chora),GR,Greece,36.7167,25.2833,"A postcard-white hilltop village wrapped around Panagia Gremiotissa church, with sweeping Aegean views from its highest point. Walk up around sunset — same view as the beach clubs below, without the crowd or cover charge.",1
Kalabaka,GR,Greece,39.7025,21.628,"The modern town at the foot of the Meteora pillars, functioning mainly as the accommodation base; if short on time, the Agios Stefanos monastery is the closest and easiest to reach on foot/short drive from town.",2
Kalamata / Mani (Areopoli),GR,Greece,37.0389,22.1142,Areopoli and the Mani peninsula are known for stark stone tower-house villages (Vatheia is the most photographed) and the Diros Caves boat tour nearby; get to Diros early since the boat tour has limited daily capacity and queues build fast in season.,1
Knossos,GR,Greece,35.2977,25.1628,Arthur Evans's early-1900s concrete reconstructions (including the red columns and Throne Room) are controversial among archaeologists as speculative rather than accurate restoration — treat what you see as part-interpretation.,4
Meteora,GR,Greece,39.7217,21.6306,"The monasteries are still active religious communities, not museums — modest dress (covered shoulders/knees, skirts for women) is required to enter, and a few close one day midweek.",6
Monemvasia,GR,Greece,36.6874,23.0533,"A fortified medieval town built into a rock peninsula, joined to the mainland by a short causeway, with a lower town of churches and shops and a ruined upper town/castle above; stay overnight in the lower town to see it emptied out at sunset, and climb to the upper town early morning before the heat.",2
Mount Olympus / Litochoro,GR,Greece,40.0925,22.4989,"Greece's highest mountain, the mythological seat of the gods, with Litochoro as its trailhead town; a full summit attempt needs an overnight in a mountain refuge, but a shorter half-day option is the Enipeas Gorge trail from Litochoro to the Agios Dionysios monastery ruins.",1
Mycenae,GR,Greece,37.7304,22.7558,Bronze Age citadel with the carved Lion Gate and the beehive-domed Treasury of Atreus tomb just outside the walls; allow 1-1.5 hours and arrive early since tour buses from Athens converge here mid-morning.,3
Mylopotas Beach,GR,Greece,36.7,25.2833,"Ios's main beach and one of the better sand beaches in the Cyclades, with a long stretch of golden sand and full watersports (kayaking, paddleboarding, banana boats). Go early morning if you want it quiet — by afternoon it's the island's busiest beach-bar/party stretch.",1
Mystras,GR,Greece,37.0708,22.3663,"Ruined Byzantine hill town with several frescoed churches and monasteries climbing a steep slope, including the still-active Pantanassa convent near the top; wear real walking shoes, enter at the upper gate and walk down, and go early since there's almost no shade across the 2-3 hour visit.",2
Nafplio,GR,Greece,37.5673,22.8078,"Small Venetian-era port town with the Palamidi fortress towering above it and the tiny Bourtzi fortress-island in the bay; climb Palamidi's roughly 900 steps in the early morning before the heat sets in, allow about an hour at the top.",3
Naoussa,GR,Greece,37.1256,25.2367,"A small fishing harbor turned Paros's most upscale village — Venetian fort ruins in the water, fishing boats moored alongside seafood tavernas. Come for dinner, not the day — the harbor is at its best (and priciest/busiest) after sunset; book ahead in July/August.",2
Naxos (Chora),GR,Greece,37.1055,25.3764,"The old town's real highlight is the Venetian Kastro quarter — narrow marble-paved lanes, 13th-century mansions and coats of arms, distinct from the whitewashed Cycladic core around it. Explore it in the morning before tour-boat day-trippers arrive and before the heat sets in.",3
Oia,GR,Greece,36.4614,25.3753,"Greece's single most photographed sunset, framed by blue-domed churches and the castle ruins at the village's western edge. Claim a spot at the Castle viewpoint at least 60-90 minutes before sunset in high season, or skip the crowd entirely and watch from Amoudi Bay just below.",3
Olympia,GR,Greece,37.6384,21.63,You can still walk the original stone-lined running track of the ancient stadium; the site museum holds the Hermes of Praxiteles and remnants of the massive Temple of Zeus.,5
Paros (Parikia),GR,Greece,37.0844,25.1489,"Parikia's centerpiece is Panagia Ekatontapiliani (""Church of 100 Doors""), one of the oldest surviving Byzantine churches in Greece, built around a 4th-century core. Visit early morning or later afternoon to beat the day-tripper groups coming off the ferries.",3
Patras,GR,Greece,38.2466,21.7346,Primarily a ferry hub to Italy with little to detain travelers beyond a hilltop Venetian/Ottoman castle overlooking the port; treat it as a transit stop rather than a destination unless passing through during its February carnival.,1
Peloponnese,GR,Greece,37.5685,22.8072,"Don't skip Mycenae within the region — the Lion Gate and beehive-shaped ""Treasury of Atreus"" tomb are the best physical evidence of the Bronze Age Mycenaean world Homer wrote about.",3
Portara,GR,Greece,37.1122,25.3742,"A massive freestanding marble doorway — the unfinished 6th-century BC Temple of Apollo — standing alone on an islet just off Chora, reachable by a short causeway. It's Naxos's best sunset spot and free to visit; arrive about an hour early to get a good position on the rocks.",2
Samaria Gorge,GR,Greece,35.3167,23.95,"It's one of Europe's longest gorges (a roughly 13-16 km hike depending on start point) and is only open seasonally, typically May through October, closing when flood risk is high.",4
Santorini (Fira),GR,Greece,36.4167,25.4325,"Fira's draw is the cliffside caldera walkway itself, not a single sight — the path north toward Imerovigli/Oia hugs the rim with the same views as Oia minus the crowds. Take the cable car (or donkey path) down to the old port instead of doing it on a cruise-ship time crunch on foot.",4
Sarakiniko Beach,GR,Greece,36.7128,24.465,"A stark white volcanic moonscape rather than a conventional beach — smooth wind-and-wave-eroded rock formations dropping into turquoise water. No shade or sand — bring water shoes and sun protection, and go early morning or for sunset light, when the white rock glows and it's least crowded.",1
Sparta,GR,Greece,37.0733,22.4297,"The modern town sits on the ancient site, but almost nothing of ancient Sparta survives beyond a small theater and acropolis mound; treat it as a base for Mystras rather than a sight in itself, a half day covering the archaeological museum is plenty.",2
Thessaloniki,GR,Greece,40.6401,22.9444,"Greece's second city, walkable waterfront with the White Tower, the Rotunda and several UNESCO-listed early Byzantine churches woven through downtown. Go up to Ano Poli (the old Ottoman-era hillside quarter and city walls) in late afternoon for the best views and the least touristy streets.",3
Vergina,GR,Greece,40.4667,22.3167,"An underground museum built directly over the royal Macedonian tombs, including the unlooted tomb of Philip II with its original gold larnax and armor; allow about 1.5 hours, and note photography is not allowed inside the tomb chambers.",1
Antigua,GT,Guatemala,14.5586,-90.7295,Colonial city in the shadow of Volcán de Fuego (still actively erupting); the highlight for most is the overnight Acatenango trek to watch Fuego erupt from across the valley — book a few days ahead since spots fill up.,3
Flores & Tikal,GT,Guatemala,16.9268,-89.8903,Tikal's sunrise tour (climbing Temple IV before dawn to watch mist and howler monkeys over the jungle canopy) is the signature experience; it requires a separate advance permit/booking beyond the standard entry ticket. Flores itself is a small colorful island town used as the overnight base.,3
Guatemala City,GT,Guatemala,14.6349,-90.5069,Mostly a transit hub with little pulling travelers to stay overnight; Zona Viva/Zona 10 is the area where most who do pass through actually stay.,3
Lake Atitlán,GT,Guatemala,14.6862,-91.1954,"Each lakeside village has a distinct character worth picking deliberately: San Pedro is the backpacker/party town, San Marcos is the yoga-and-wellness village, Santiago is more traditional Maya life.",3
Quetzaltenango (Xela),GT,Guatemala,14.8347,-91.5225,Guatemala's main hub for Spanish-language schools; highlight/tip is using it as the launch point for the Fuentes Georginas hot springs up in the hills.,3
Semuc Champey,GT,Guatemala,15.5333,-89.9333,Turquoise limestone step-pools over a natural bridge; commonly combined with a Grutas de Lanquín cave visit and K'an Ba cave tubing/candlelit swimming on the same trip.,3
Copán Ruinas,HN,Honduras,14.8396,-89.1428,The Copán Maya ruins are famous specifically for their stone sculpture and the Hieroglyphic Stairway (the longest known Maya text); Macaw Mountain bird park nearby is a common add-on.,2
La Ceiba,HN,Honduras,15.7597,-86.7822,"Functions mainly as the ferry gateway to Roatán and a base for Pico Bonito National Park adventure sports (whitewater rafting, zip-lining) rather than a destination itself.",2
Lago de Yojoa,HN,Honduras,14.8833,-88.0333,"Honduras's largest lake, good for birdwatching; D&D Brewery on the lakeshore is a well-known traveler stop, and the nearby Pulhapanzak waterfall offers canyoning/rappelling down the falls.",2
Puerto Cortés,HN,Honduras,15.8333,-87.95,Mainly a port town with little to see; functions almost entirely as a border-crossing/transit point rather than a stop.,2
Roatán,HN,Honduras,16.325,-86.5417,"Part of the Mesoamerican Barrier Reef, the second-largest in the world — diving/snorkeling is the whole point; West Bay Beach is the standout beach, and whale sharks are occasionally sighted around March–April.",2
Tegucigalpa,HN,Honduras,14.0723,-87.1921,Little pulls travelers here as a destination in its own right; most on this route treat it purely as a pass-through given the safety note already covered at the country level.,2
Dubrovnik,HR,Croatia,42.6507,18.0944,Walk the full 1.9km city walls loop early morning before cruise-ship crowds arrive; the cable car up Mt Srđ gives the classic postcard view over the old town and coast.,3
Dubrovnik Old Town,HR,Croatia,42.6507,18.0944,"Its walled marble streets (the Stradun) and 2km of intact medieval ramparts overlooking the Adriatic are the draw, along with the baroque St. Blaise's Church and Rector's Palace; Game of Thrones fans will recognize it as King's Landing. Walk the city walls right at opening (around 8am) to beat both the midday heat and the cruise-ship crowds that flood the old town by late morning.",10
Plitvice,HR,Croatia,44.8654,15.582,"The wooden boardwalks run right along/over the turquoise cascades themselves, which is the actual highlight beyond ""a day of hiking."" Arrive at opening or enter via Entrance 2 to work against the tour-bus flow and get the Lower Lakes' iconic viewpoints uncrowded.",1
Plitvice Lakes National Park,HR,Croatia,44.8654,15.582,"16 turquoise terraced lakes connected by waterfalls and wooden boardwalks, with a boat crossing Kozjak Lake as the scenic centerpiece. Pick route C or K (covers both Upper and Lower Lakes, not just one) and start right at opening for boardwalk photos without crowds.",10
Pula (Arena),HR,Croatia,44.8737,13.8467,"One of the best-preserved Roman amphitheaters in the world, still used for concerts; check the events calendar before visiting since summer concert setup can restrict daytime access, and go in the morning to avoid both heat and tour groups.",4
Rovinj,HR,Croatia,45.0811,13.6387,Car-free Istrian old town on a small peninsula with pastel houses and the hilltop St. Euphemia church; park outside the center and climb the church bell tower for the view over the rooftops to the sea.,4
Split (Diocletian's Palace),HR,Croatia,43.5081,16.4402,"The 4th-century Roman emperor's retirement palace isn't a ruin behind a fence — it's a living neighborhood, with Split's actual old town built directly into and around its walls, colonnaded Peristyle square, and the octagonal Cathedral of St. Domnius (once Diocletian's own mausoleum). Duck into the palace's atmospheric basement halls (substructures) — used as a Game of Thrones filming location — and climb the cathedral's bell tower for a rooftop view over the old town and harbor.",9
Zadar,HR,Croatia,44.1194,15.2314,The Sea Organ (wave-powered pipes built into the waterfront steps) and the adjacent Sun Salutation light installation make the sunset promenade the actual destination here — reportedly the sunset Hitchcock once called the world's most beautiful. Time the visit for sunset; the light show and organ sound together are the point.,5
Zadar / Split (choose one),HR,Croatia,44.1194,15.2314,"Zadar's standout is architect Nikola Bašić's Sea Organ and Monument to the Sun on the waterfront — stone steps that turn wave motion into ambient music, paired with a solar-powered light installation that puts on a show after dark. Time your visit for sunset, when the two installations overlap with the sound of waves for the best effect.",1
Zagreb,HR,Croatia,45.815,15.9819,"The Upper Town's colorful-tiled St. Mark's Church and the Dolac market are the highlights, linked to the Lower Town by the world's shortest funicular (under a minute). A free walking tour is an efficient way to cover both halves in a day.",10
Buda Castle District,HU,Hungary,47.496,19.0396,"Buda Castle Hill combines the former royal palace with Fisherman's Bastion and Matthias Church, and it's the classic vantage point for the Danube/Pest skyline and Parliament building across the river. Time it for sunset for the best light on that view, and take the Castle Hill Funicular up rather than the steep walk.",9
Budapest,HU,Hungary,47.4979,19.0402,"Beyond the thermal bath already noted, the Fisherman's Bastion terraces on the Buda side give the best skyline view over Pest and the Danube, especially near sunset — pair it with a walk across Chain Bridge.",2
Eger (optional extension),HU,Hungary,47.9025,20.3772,"Beyond its Baroque old town and hilltop castle, Eger's main draw is the Valley of the Beautiful Women just outside town — a cluster of wine cellars for tasting Egri Bikavér (""Bull's Blood"") and other local reds. Walk between a handful of cellars rather than committing to just one; most pours are cheap and informal, no reservation needed.",2
thermal baths,HU,Hungary,47.5186,19.0819,"Széchenyi (grand, outdoor, Neo-Baroque pools) is the classic choice for a relaxed soak. Worth knowing: on Saturday nights (Feb-Dec) it converts into a ticketed ""Sparty"" night-bathing event, a different crowd/vibe than a daytime visit — pick your day accordingly if you want a quiet soak.",1
Berastagi,ID,Indonesia,3.1958,98.5117,"Mount Sinabung, visible from town, erupted on 31 Aug 2026 after 5 years dormant with the alert level raised to Level III and authorities warning a larger eruption is possible — check current status before planning activities near it, this is a live/changing situation.",2
Bukit Lawang,ID,Indonesia,3.5556,98.1258,"Semi-wild (rehabilitated) orangutans can be seen on jungle treks into Gunung Leuser NP; go with a licensed guide, as the site had past incidents tied to unofficial ""feeding"" tours.",2
Bukittinggi,ID,Indonesia,-0.3056,100.3692,Jam Gadang clock tower is the town center landmark; Harau Valley's granite canyon walls are a worthwhile nearby day trip.,2
Gili Islands,ID,Indonesia,-8.35,116.0417,"No motorized vehicles on any of the three islands (horse cart/bike only); Gili Trawangan is the party/nightlife island, Gili Air a middle ground, Gili Meno the quiet/couples one.",2
Komodo,ID,Indonesia,-8.49,119.88,"Dragon trekking is only permitted with an armed park ranger present, no independent walking; Pink Beach (pink-tinted sand from coral fragments) is a common stop alongside the dragon viewing.",2
Lake Toba,ID,Indonesia,2.6667,98.9333,"Samosir Island (in the middle of the lake) is where the Batak cultural sites and lakeside villages are, not the mainland shore towns.",2
Lombok,ID,Indonesia,-8.5833,116.1167,"Kuta Lombok's beaches are far less developed than Bali's, with good surf breaks.",2
Medan,ID,Indonesia,3.5952,98.6722,Functions mainly as a transit gateway to the rest of Sumatra rather than a destination with major sights of its own.,2
Belfast / Giant's Causeway (optional side trip),IE,Ireland,54.5973,-5.9301,"Belfast's Titanic Belfast museum sits on the actual shipyard slipway, and the Giant's Causeway's hexagonal basalt columns are a short walk from the visitor center; the walk down to the stones is free (you only pay for parking/exhibition), so arrive early to beat the coach groups.",1
Cliffs of Moher,IE,Ireland,52.9715,-9.4309,"Ireland's most-visited natural sight — 214m sea cliffs with O'Brien's Tower marking the highest point. Arrive at opening or after 4pm to avoid the tour-bus crush that peaks late morning to mid-afternoon, and walk the cliff path south past the tower for quieter, equally dramatic views.",2
Cliffs of Moher (Clare),IE,Ireland,52.9715,-9.4309,"200m sea cliffs on the Atlantic with views to the Aran Islands on a clear day; pre-book the timed entry ticket online to skip the entrance queue, and arrive before 10am or after 4pm to beat the tour-bus crowds.",1
Cliffs of Moher / Connemara,IE,Ireland,52.9715,-9.4309,"The Cliffs of Moher's 200m sea cliffs (pre-book timed entry, arrive before 10am or after 4pm) paired here with Connemara's bog, lakes and Twelve Bens mountains further north — Kylemore Abbey and the Sky Road out of Clifden are the highlights there.",1
Connemara,IE,Ireland,53.49,-9.75,"Bog, lakes and the Twelve Bens mountains define this stretch, anchored by Kylemore Abbey on its lakeshore and the looping Sky Road out of Clifden. Drive the Sky Road counter-clockwise from Clifden in late afternoon light for the better sea views.",3
Cork,IE,Ireland,51.8985,-8.4756,"Ireland's second city, built around the English Market — a covered Victorian food market in continuous use since 1788 — and a convenient base for the short side trip to Blarney Castle.",2
Cork / Kinsale,IE,Ireland,51.8985,-8.4756,"Cork's English Market is the city's food centerpiece, while Kinsale's harbor is ringed with seafood restaurants and the 17th-century Charles Fort; book a Kinsale dinner table ahead in summer, and walk out to Charles Fort for the best harbor view.",3
Dingle Peninsula,IE,Ireland,52.1409,-10.27,"An Irish-speaking (Gaeltacht) peninsula where the Slea Head Drive loops past Iron Age beehive huts (clochans), sheer coastal drops and views out to the Blasket Islands. Drive the loop clockwise from Dingle town, as is customary, so oncoming traffic and tour coaches pass on the inland side of the narrow road.",2
Dingle Peninsula / Ring of Kerry,IE,Ireland,52.1409,-10.27,"Dingle's Slea Head Drive passes beehive huts and Dunquin with far fewer coaches than the Ring of Kerry; if doing the Ring of Kerry, drive it counter-clockwise (against the standard tour-bus direction) to avoid getting stuck behind convoys on the narrow bends.",1
Donegal,IE,Ireland,54.6538,-8.1096,"Ireland's wildest, least-touristed county — Slieve League's sea cliffs actually rise higher than the Cliffs of Moher but draw a fraction of the crowds, alongside Glenveagh National Park's mountains and lough. Head to the Bunglass Point viewpoint rather than the lower car park for the full drop.",3
Dublin,IE,Ireland,53.3498,-6.2603,"A compact, walkable historic core along the River Liffey — Grafton Street, St. Stephen's Green, and the Georgian squares — best explored on foot rather than by car; skip the tourist-trap pubs directly on Temple Bar and head a block or two further for a more local scene.",2
Galway,IE,Ireland,53.2707,-9.0568,"A compact, walkable small city built around the Latin Quarter's live trad-music pubs and the Galway Bay waterfront — better explored on foot than by car, and a natural base for day trips into Connemara or out to the Aran Islands.",5
Kerry,IE,Ireland,51.8333,-10,"Beyond the Ring of Kerry drive itself, Killarney National Park (Torc Waterfall, Muckross House, lakes) makes a good base, and Portmagee on the peninsula is the departure point for Skellig Michael boat trips; landing tours run mid-May to late September only, are capped at 15 licensed boats/180 people a day, and sell out weeks to months ahead, so book early.",1
Kilkenny,IE,Ireland,52.6541,-7.2448,"A compact medieval city walkable along the ""Medieval Mile"" between Kilkenny Castle and St Canice's Cathedral, with a notable crafts/design scene centered on the Kilkenny Design Centre.",4
Killarney National Park,IE,Ireland,52.0599,-9.5044,"Ireland's oldest national park, centered on Muckross House and Abbey, the lakes of Killarney, and Torc Waterfall (a short walk off the main road). A jaunting car (horse-drawn trap) ride from Muckross is the classic way to see the park's own trails without a car.",2
Mayo / Achill Island,IE,Ireland,53.9575,-10.053,"Ireland's largest island, reached by a road bridge, with Keem Bay's cliff-ringed beach at the very end of the island road as the highlight; drive the full loop out to Keem Bay and back, allow a full day including Croagh Patrick views en route.",1
Ring of Kerry,IE,Ireland,51.8333,-10,"Skellig Michael's UNESCO-listed monastic beehive huts (also known for Star Wars filming) are reachable only via a limited-capacity, weather-dependent boat crossing from Portmagee — that specific booking should be made well ahead of the trip, separately from the general driving-loop planning the block note already covers.",3
Sligo,IE,Ireland,54.2697,-8.4694,"Yeats country, with his grave at Drumcliffe churchyard sitting right under Benbulben's distinctive flat-topped ridge; stop at the grave (5 minutes) then view Benbulben from the R477 coast road toward Mullaghmore, half a day is enough.",1
Sligo / Donegal,IE,Ireland,54.2697,-8.4694,"Sligo (Yeats country, Benbulben, his grave at Drumcliffe churchyard) paired here with Donegal just north — Slieve League's sea cliffs, higher than the Cliffs of Moher but far less crowded, plus Glenveagh National Park. Stop at Drumcliffe for the grave, then head to Bunglass Point (not the lower car park) for Slieve League's full drop.",1
Wicklow,IE,Ireland,53.0092,-6.3283,"The Wicklow Mountains hold Glendalough's early monastic ruins beside two glacial lakes; arrive before 10am to beat the tour-bus crowds at the Round Tower and Upper Lake, half a day covers the site plus a short lakeside walk.",1
Wild Atlantic Way,IE,Ireland,52.5,-9.9,"Not a single stop but the signature ~2,500km coastal touring route this whole leg largely follows, stringing Donegal, Connemara, the Cliffs, Dingle and Kerry together. Worth treating as a destination in itself — the coastal drive between named stops, not just transit.",2
Castletown (Castle Rushen),IM,Isle of Man,54.0743,-4.6555,"The Isle of Man's former capital, centered on an exceptionally well-preserved 13th-century medieval castle. Climb the tower for harbour views and pair it with the small Nautical Museum nearby; 1-1.5 hours covers it.",1
Douglas,IM,Isle of Man,54.1509,-4.4815,"Isle of Man's capital, with vintage horse-drawn trams running the length of the promenade and the Manx Museum for context on the island's Norse/Celtic history and TT heritage. The horse trams are seasonal (roughly spring-autumn) rather than year-round.",3
Manx Electric Railway,IM,Isle of Man,54.1747,-4.4629,"A heritage tramway (opened 1893, one of the oldest of its kind still running) linking Douglas to Ramsey via Laxey, giving a scenic, slow-paced look at the island's east coast without driving. Runs a seasonal timetable (roughly spring to autumn), not year-round, so check dates before building a day around it.",3
Peel,IM,Isle of Man,54.2231,-4.6959,"A working fishing harbour town on the west coast, with Peel Castle occupying its own tidal islet (St Patrick's Isle) — worth the walk out at low tide for the ruins and sea views. The House of Manannan museum by the harbour covers Manx maritime/Viking history well if the weather turns.",2
Peel Castle,IM,Isle of Man,54.2231,-4.6959,"Ruined castle on the tidal islet of St Patrick's Isle just off Peel's harbour. Check tide times for the causeway/access, and combine it with Peel's House of Manannan museum and its kipper smokehouses while in town.",1
Snaefell Mountain Railway,IM,Isle of Man,54.2136,-4.397,"An electric mountain railway from Laxey up to the summit of Snaefell, the island's only peak over 2,000ft — on a genuinely clear day you can reportedly see all ""Seven Kingdoms"" (England, Scotland, Ireland, Wales, Man, sea, and sky). Also seasonal (roughly spring-autumn) — worth pairing with the Manx Electric Railway from Laxey since they share that station, and go on a forecast-clear day since the summit view is the entire point.",3
TT Grandstand & Museum,IM,Isle of Man,54.1523,-4.4749,"The grandstand and former TT museum for the Isle of Man TT motorcycle races. Note the dedicated TT exhibition has moved into the Manx Museum's TT Gallery in Douglas (open daily, standard museum hours); the grandstand itself has limited/charged opening outside race weeks, so it's most worth visiting during TT or Manx GP fortnight.",1
TT Mountain Road (Snaefell),IM,Isle of Man,54.2585,-4.3947,"Outside TT/Manx Grand Prix race weeks the Mountain Road is an ordinary public road with no speed limit for cars in places — driving it yourself (in your hired local car per the block note) past Snaefell's lower slopes is the main appeal, not just watching racing. Note this is genuinely time-sensitive: the road closes to normal traffic entirely during TT fortnight (early June) and the Manx Grand Prix (late August), so check the calendar against your visit dates.",3
"Delhi (arrival, no extra sightseeing — already visited)",IN,India,28.6139,77.209,"Since Red Fort, Jama Masjid and Chandni Chowk are already covered from an earlier visit, Humayun's Tomb — the Mughal-era precursor to the Taj Mahal, and far quieter — plus the adjoining Lodi Gardens are the most worthwhile stops if extra time opens up. The Delhi Metro is faster than a taxi across town most hours given the traffic, and a fixed-line airport express connects straight from the international terminal.",2
Jaipur,IN,India,26.9124,75.7873,"The Pink City's Amber Fort (hilltop, mirrored Sheesh Mahal) and City Palace/Hawa Mahal complex are the highlights. Visit Amber Fort right at opening (8am) to beat both the heat and the tour-bus crowds, and skip the elephant ride up (long queues, animal-welfare concerns) in favor of a jeep or the walk.",2
Jaisalmer,IN,India,26.9157,70.9083,"A living fort — still inhabited, with homes, shops and havelis inside its sandstone walls — rising out of the Thar Desert, unique among India's forts. The real draw beyond the fort itself is an overnight camel safari/desert camp in the Sam sand dunes just outside town; book that as a separate add-on, not a fort-only stop.",2
Jodhpur,IN,India,26.2389,73.0243,"Known as the Blue City for the indigo-washed old town, seen best from the ramparts of Mehrangarh Fort towering directly above it. Budget a half-day for the fort's audio-guide route, then spend early evening on the fort walls or a rooftop café for the blue-rooftop panorama at golden hour.",2
Manali,IN,India,32.2432,77.1892,"Himalayan gateway town — Old Manali's cafes/river walk plus Solang Valley for adventure activities, with Rohtang Pass as the classic high-altitude side trip. Rohtang Pass requires a separate paid permit (~₹550, daily vehicle quota, bookable at rohtangpermits.hp.gov.in) and is closed roughly Nov/Dec through mid-May for snow plus every Tuesday for maintenance — confirm it's open and pre-book the permit before planning that day.",2
Pushkar,IN,India,26.4899,74.5511,"A small holy town built around a sacred lake with 52 ghats and India's only major temple dedicated to Brahma. Sunset at the ghats is the best time to feel the town's pace; if travel dates land in Oct/Nov, check whether they overlap the Pushkar Camel Fair (Kartik Purnima) — spectacular but the town's accommodation and crowds triple.",2
Rishikesh,IN,India,30.0869,78.2676,"The yoga capital on the Ganges, with Laxman Jhula/Ram Jhula footbridges, ashrams, and white-water rafting on the river. Don't miss the evening Ganga Aarti at Triveni/Parmarth Ghat at sunset — arrive 20-30 min early for a good spot on the steps.",2
Udaipur,IN,India,24.5854,73.7125,"The ""City of Lakes,"" built around Lake Pichola with the City Palace and Jag Mandir island palace on its shore. A sunset boat ride on the lake, or a rooftop restaurant facing the City Palace, is the single best way to see it — book the boat slot in advance in high season since it sells out.",2
Varanasi,IN,India,25.3176,82.9739,"India's oldest living city, its identity is entirely the ghats along the Ganges — cremation rites at Manikarnika Ghat and the nightly Ganga Aarti ceremony at Dashashwamedh Ghat. Take a sunrise boat ride along the ghats (the light and the riverside rituals are best at dawn), separate from the evening Aarti visit.",2
Akureyri,IS,Iceland,65.6835,-18.1002,"The ""capital of the north"" and the practical base for Mývatn's geothermal area and whale-watching in Eyjafjörður, which has one of Iceland's highest sighting rates thanks to the nutrient-rich fjord water.",2
Blue Lagoon,IS,Iceland,63.8804,-22.4495,"The milky, silica-rich geothermal water near Grindavík is the whole point — it's touristy for a reason. Book timed-entry tickets well ahead (they routinely sell out) and check bluelagoon.com/seismic-activity before you go, since nearby volcanic activity has caused short (days-to-weeks) closures in 2024-2025; as of now it's been open the large majority of the time.",2
Diamond Beach,IS,Iceland,64.0446,-16.1793,"The black sand beach where icebergs from Jökulsárlón wash up and glitter like ice diamonds; walk the shoreline for photos but don't climb or touch the ice chunks, they can flip suddenly — 30-45 minutes is enough.",1
Dynjandi waterfall,IS,Iceland,65.7333,-23.1833,"A wide, tiered waterfall in the Westfjords, often called Iceland's most impressive. Walk the roughly 15-20 minute uphill path from the parking area to reach the base of the main tier — it stays far less crowded than Iceland's Ring Road waterfalls.",1
Egilsstaðir,IS,Iceland,65.2669,-14.3948,"The main service town of East Iceland and gateway to the East Fjords, on Lake Lagarfljót. It's mostly a fuel/supplies stop rather than a sight in itself — treat it as a base, not a destination.",1
Egilsstaðir / Seyðisfjörður,IS,Iceland,65.2669,-14.3948,"Egilsstaðir is mainly a fuel/supplies base for the East Fjords, while Seyðisfjörður over the pass is the real destination — a picturesque fjord town with a rainbow-painted street leading to a blue church and the international Smyril Line ferry link to the Faroe Islands/Denmark. Drive the mountain pass with care (it can close in bad weather/winter), and photograph the rainbow street early before day-trippers arrive.",1
Geysir,IS,Iceland,64.3104,-20.3024,"The original ""Geysir"" is dormant most of the time — it's neighboring Strokkur that erupts reliably every 5-10 minutes and is what everyone actually watches. Stand to the side rather than directly downwind, and you'll only need 20-30 minutes here.",3
Golden Circle (Þingvellir),IS,Iceland,64.2559,-21.131,"Þingvellir is where the Althing, one of the world's oldest parliaments, met from 930 AD, and it sits directly on the rift between the North American and Eurasian tectonic plates — walk the visible fissure, or book ahead to snorkel/dive it at Silfra, one of the clearest waters on earth.",1
Golden Circle (Þingvellir/Geysir/Gullfoss),IS,Iceland,64.3104,-20.3024,"The classic trio: Þingvellir (walking inside the Mid-Atlantic Ridge rift valley), Geysir (where neighboring Strokkur, not the dormant original, erupts every 5-10 minutes), and Gullfoss (a powerful two-tier waterfall — walk down to the lower viewpoint for the full drop). Budget about half a day for all three; go early to beat tour-bus traffic from Reykjavík.",1
Gullfoss,IS,Iceland,64.3271,-20.1199,"A powerful two-tier waterfall on the Hvítá river, dropping into a canyon. Walk down to the lower viewpoint for the full-drop view rather than just the top overlook — paths get icy/slippery outside summer, so grippy shoes matter.",3
Höfn,IS,Iceland,64.2539,-15.2082,"A small fishing town and the main gateway to Vatnajökull glacier tours, known locally for langoustine (humar). Eat langoustine at a local restaurant here and use the town as an overnight base before/after a glacier tour.",2
Húsavík,IS,Iceland,66.0449,-17.3389,"Iceland's whale-watching capital, in the north. Book an early morning tour for calmer seas and a higher chance of humpback sightings (best June-August); warm suits are provided.",1
Jökulsárlón,IS,Iceland,64.0784,-16.23,"A lagoon of icebergs calving off Breiðamerkurjökull, often with seals hauled out on the ice; cross the road afterward to Diamond Beach, where chunks of that same ice wash up on black sand — easy to skip if you don't know it's there.",1
Jökulsárlón Glacier Lagoon,IS,Iceland,64.0784,-16.23,"Iceland's famous glacial lagoon filled with floating icebergs calved from Breiðamerkurjökull. Cross the road afterward to Diamond Beach, where chunks of ice wash up on black sand — allocate an hour or two for both together.",3
Landmannalaugar (highland alternative),IS,Iceland,63.9938,-19.0619,"A colorful volcanic highland area with hiking trails and a natural warm river/hot spring for bathing. Only reachable by 4x4 with river-crossing capability or a highland bus, and only open roughly June-September — bring swimwear for the hot spring.",1
Mývatn,IS,Iceland,65.6,-17,"A volcanic lake area with geothermal mud pools (Hverir), lava formations (Dimmuborgir), and the Mývatn Nature Baths. Visit the Nature Baths in the evening for a quieter, cheaper alternative to the Blue Lagoon.",1
Mývatn / Akureyri / Húsavík,IS,Iceland,65.6,-17,"Three very different stops in one: Mývatn's geothermal mud pools (Hverir), lava formations (Dimmuborgir) and Nature Baths; Akureyri as the practical ""capital of the north"" base with strong Eyjafjörður whale-watching odds; and Húsavík, Iceland's dedicated whale-watching capital further north. Visit the Mývatn Nature Baths in the evening for a quieter, cheaper alternative to the Blue Lagoon, and book an early-morning Húsavík whale tour for calmer seas.",1
Reykjavik,IS,Iceland,64.1466,-21.9426,"Iceland's small, walkable capital — Hallgrímskirkja's tower and the Old Harbour (departure point for whale-watching and Golden Circle day tours) are the main draws inside the city itself; budget half a day, not more.",1
Reykjavík,IS,Iceland,64.1466,-21.9426,"Small enough to cover on foot — Hallgrímskirkja's tower (small fee) is the one worthwhile ""view"" stop, plus the Old Harbour for whale-watching departures. No special timing tip beyond the route's own — just allocate a half day, more if doing a whale-watching add-on.",6
Reynisfjara black beach,IS,Iceland,63.4045,-19.0424,"Black sand beach with the Hálsanefshellir basalt column cave at its western end; never turn your back on the ocean here — sneaker waves have killed tourists, so stay well back from the water's edge.",1
Reynisfjara black beach / Vík í Mýrdal,IS,Iceland,63.4045,-19.0424,"Iceland's southernmost village next to the black sand beach at Reynisfjara, with the basalt sea stacks of Reynisdrangar offshore and the Hálsanefshellir basalt column cave at the beach's western end. Never turn your back on the ocean here — sneaker waves have killed tourists — go early morning for fewer people and the best light.",1
Seljalandsfoss,IS,Iceland,63.6156,-19.9886,"A waterfall you can walk fully behind via a path circling the falls; wear waterproof clothing (the spray is heavy) and check for the smaller, partly hidden Gljúfrabúi falls just north, tucked behind a rock slot.",2
Seyðisfjörður,IS,Iceland,65.2646,-13.9552,"A picturesque East Iceland fjord town, known for its rainbow-painted street leading to a blue church and its international ferry link (Smyril Line to the Faroe Islands/Denmark). Drive the mountain pass from Egilsstaðir with care (it can close in bad weather/winter), and photograph the rainbow street early before day-trippers arrive.",1
Skógafoss,IS,Iceland,63.5321,-19.5116,"One of Iceland's widest, most powerful waterfalls, with a staircase beside it climbing to a viewing platform and the start of the Fimmvörðuháls hiking trail; sunny afternoons often produce a rainbow in the mist at the base.",2
Snæfellsnes,IS,Iceland,64.9257,-23.3072,"Often called ""Iceland in miniature"" for packing glacier, volcano (Snæfellsjökull, the setting of Jules Verne's Journey to the Center of the Earth) and coastline into one peninsula; Kirkjufell mountain with Kirkjufellsfoss waterfall in the foreground is the classic shot, best near sunrise when it's quieter.",1
South Coast (Vík í Mýrdal),IS,Iceland,63.4186,-19.006,"Vík is the base for Reynisfjara's black-sand beach, basalt columns and the Reynisdrangar sea stacks just offshore; stay well back from the water here — the sneaker waves are strong enough to have caused fatalities.",1
Vatnajökull,IS,Iceland,64.0165,-16.9787,"Europe's largest glacier by volume, and the main place in Iceland to do a guided glacier hike or visit a natural blue ice cave; the ice caves are only safely accessible Nov-March, so a summer visit means the hike/hiking trails instead.",1
Vík í Mýrdal,IS,Iceland,63.4186,-19.006,"Iceland's southernmost village, next to the black sand beach at Reynisfjara and the basalt sea stacks of Reynisdrangar just offshore. Never turn your back on the ocean here — sneaker waves have killed tourists — and go early morning for both fewer people and the best light on the stacks.",3
Westfjords (Ísafjörður),IS,Iceland,66.0748,-23.1339,"Iceland's remote, dramatic northwestern peninsula, centered on the small town of Ísafjörður. Roads are largely narrow and winding (some gravel), so budget extra driving time and go June-September, as many mountain passes close in winter.",1
Þingvellir,IS,Iceland,64.2559,-21.1295,"Historically Iceland's original parliament site, but the actual reason to walk it is that you're walking inside the Mid-Atlantic Ridge rift valley — the Almannagjá gorge is the tectonic plate boundary itself. Walk down into the gorge (not just the rim viewpoint); 1-1.5hrs is enough, parking fee but no entry fee.",3
Þórsmörk (highland alternative),IS,Iceland,63.6833,-19.5333,"A lush, glacier-flanked highland valley and a base for the Laugavegur hiking trail. Leave a regular rental car at the last paved parking area and take the highland bus/super-jeep in, since river crossings on the F-road will strand a normal car.",1
Agrigento,IT,Italy,37.2903,13.5928,"The Valle dei Templi holds some of the best-preserved Greek temples outside Greece itself, with the Temple of Concordia rivaling the Parthenon in completeness. Visit at opening time or join the evening/night visit (when offered) to avoid both the heat and the tour-bus crowds.",1
Agrigento (Valle dei Templi),IT,Italy,37.2903,13.5928,"Temple of Concordia is one of the best-preserved Doric temples in the world, rivaling the Parthenon in condition. Go at opening time or during the evening illuminated visits (offered in summer) to avoid heat and coach-tour crowds.",4
Agrigento — Valle dei Templi,IT,Italy,37.2903,13.5928,"The Temple of Concordia is the best-preserved Doric temple outside Greece, and the whole ridge is most striking near sunset when the stone glows gold. Within the same park, the Kolymbethra Garden — an ancient irrigated citrus and almond grove — is an easily-missed highlight most visitors skip (separate small entry fee from the main site).",2
Alberobello (trulli),IT,Italy,40.7844,17.2378,"Famous for its dense cluster of trulli, whitewashed conical-roofed stone houses, concentrated in the Rione Monti and Aia Piccola quarters; go early morning to see them before both the heat and the day-trip coach crowds hit Rione Monti.",1
Alghero,IT,Italy,40.5589,8.3181,"A Catalan-founded walled coastal town in northwest Sardinia where Catalan is still spoken, with sea-facing ramparts around the old town; walk the ramparts at sunset, and consider a boat trip to Neptune's Grotto at Capo Caccia (reachable by boat or a steep 656-step staircase).",2
Alpe di Siusi,IT,Italy,46.548,11.6167,"Europe's largest high-alpine meadow, framed by the jagged Sassolungo massif. Cars are banned in daytime (roughly 9am-5pm) June-Oct, so ride the cable car from Ortisei/Siusi or Compatsch shuttle bus, and go early morning for both light and thinner crowds.",1
Amalfi Coast,IT,Italy,40.634,14.6027,"The Path of the Gods trail (Bomerano to Nocelle) is the best way to take in the coastline without fighting traffic, and Ravello's clifftop gardens (Villa Cimbrone, Villa Rufolo) give comparable views with far fewer crowds than Positano.",1
Assisi,IT,Italy,43.0707,12.6196,"The Basilica of San Francesco (upper and lower churches, with Giotto's frescoes in the upper) is the highlight — arrive right at opening to see it before tour-bus groups fill the nave.",1
Bari,IT,Italy,41.1171,16.8719,"Puglia's capital, with an old town (Bari Vecchia) of narrow alleys where women hand-roll orecchiette pasta on tables right in their doorways; head to Via Arco Basso (""Strada delle Orecchiette"") in the morning to see the pasta-making and buy a bag straight from the makers.",1
Barumini — Su Nuraxi (UNESCO),IT,Italy,39.7167,8.9833,"Sardinia's best-preserved Bronze Age nuraghe complex, a stone tower-and-village dating to the 2nd millennium BC; entry is guided-only on a fixed schedule, so allow about 1 hour and check tour times on arrival.",1
Bologna,IT,Italy,44.4949,11.3426,"The medieval Due Torri and UNESCO-listed porticoes anchor the old center, but the Torre degli Asinelli has been closed to climbers since October 2023 (structural stabilization work on the leaning Garisenda tower next to it, with estimates running to 2028) — climb the Torre dell'Orologio (Clock Tower) instead for a comparable view.",3
Bolzano,IT,Italy,46.4983,11.3548,"Its must-see is the South Tyrol Museum of Archaeology, home to Ötzi the Iceman, the 5,300-year-old mummy found in the nearby Alps — a genuinely unique sight, not just a transit stop; allow about an hour for the exhibit.",2
Borghese Gallery & Gardens (optional day 4),IT,Italy,41.9142,12.4922,"Rome's best small art museum — Bernini sculptures (Apollo and Daphne, Rape of Proserpina) and Caravaggio paintings — set inside the Villa Borghese park. Entry is by mandatory timed reservation only, in strict 2-hour visit slots, and it sells out days to weeks ahead, so book before the trip.",1
Bosa,IT,Italy,40.2986,8.5,"A colorful town lining the Temo river, overlooked by the hilltop Malaspina Castle; climb to the castle in late afternoon for the best light on the pastel houses below, and try a local Malvasia wine tasting in town.",1
Cadini di Misurina,IT,Italy,46.6167,12.2667,"A jagged crown of rock spires, arguably more dramatic than Tre Cime but far less crowded. Easily missed: take the short signposted detour off the Tre Cime loop to Rifugio Fonda Savio for the classic viewpoint over the spires.",1
Cagliari,IT,Italy,39.2238,9.1217,"The Museo Archeologico Nazionale holds the best collection of nuraghic bronzetti (small bronze figurines) anywhere, useful context before visiting the nuraghe sites themselves.",6
"Cagliari (optional, exit)",IT,Italy,39.2238,9.1217,"Sardinia's southern capital, built around the Castello quarter; the Bastione di Saint Remy terrace gives the best free panoramic view over the city and gulf, worth combining with the archaeological museum's Nuragic bronzes if time allows.",1
Cala Gonone,IT,Italy,40.2833,9.6333,"Small, walkable resort with a decent beach of its own, but its real value is as the boat-launch point for the Golfo di Orosei — book the boat to Cala Luna a day ahead in summer since morning departures sell out.",1
Catania,IT,Italy,37.5079,15.083,"Sicily's second city, rebuilt in black lava-stone Baroque after the 1693 earthquake; visit La Pescheria fish market early morning and use it as your Etna base.",3
Cefalù,IT,Italy,38.0387,14.0231,The Norman cathedral's apse mosaic of Christ Pantocrator predates the more famous ones in Palermo/Monreale; climb La Rocca behind town for a free panoramic view over the cathedral and coastline.,5
Chianti,IT,Italy,43.4708,11.335,A scenic drive through vineyard villages like Greve and Radda in Chianti; most estates expect tastings to be booked ahead rather than accepting walk-ins.,2
Cinque Torri,IT,Italy,46.5333,12.0333,"Five freestanding rock towers ringed by preserved WWI trenches and gun positions, now an open-air museum. Take the chairlift up, walk the loop among the towers (about 2 hours), and stay for sunset if timing allows.",2
Colosseum,IT,Italy,41.8902,12.4922,An underground hypogeum and arena-floor tour is bookable separately from standard entry and sells out early — reserve well ahead if you want it.,6
Colosseum & Roman Forum,IT,Italy,41.8902,12.4922,"Rome's essential ancient-Rome stop — the arena itself plus the Forum's temple ruins and the Palatine Hill overlooking it, all on one combined ticket; entering via the Palatine Hill or Forum entrance (rather than the Colosseum's own) usually means a much shorter line for the same ticket.",1
Corniglia,IT,Italy,44.1197,9.7042,"The only village not directly on the sea, perched on a clifftop; reach it via the ~380-step Lardarina stairway or the shuttle bus from the train station below.",2
Cortina d'Ampezzo,IT,Italy,46.5369,12.1357,"The signature outing is the Tre Cime di Lavaredo loop hike, a roughly 3-4 hour circuit around the three iconic peaks with a refuge stop; Cortina also just hosted the 2026 Winter Olympics, so book accommodation early as regional infrastructure/prices are still elevated post-Games.",2
Cortina d'Ampezzo (base),IT,Italy,46.5369,12.1357,"Genteel 1956-Olympics mountain town with the Corso Italia pedestrian strip for an evening stroll after a day on the passes; no must-see sight in town itself, it's purely the base for Tre Cime, Cinque Torri and Giau.",1
Costa Smeralda,IT,Italy,41.1333,9.5167,"Developed as a resort enclave by the Aga Khan starting in the 1960s, so it reads as much more modern and manicured than the rest of Sardinia — a deliberate contrast rather than an ancient site. Beaches remain publicly accessible by Italian law even where hotels line the shore.",3
Costa Smeralda / Palau,IT,Italy,41.1772,9.3833,"Sardinia's glamorous ""Emerald Coast,"" centered on Porto Cervo's yacht marina and upscale resorts; the marina is worth a stroll for yacht-watching in July-August, but nearby beaches like Liscia Ruja need an early arrival for parking and sunbeds.",1
Costa Smeralda / Porto Cervo,IT,Italy,41.1333,9.5333,Manmade luxury resort coast built in the 1960s around Porto Cervo's yacht marina; worth an afternoon stroll and people-watching among the superyachts rather than an overnight given the steep prices.,3
Dorsoduro,IT,Italy,45.4302,12.3245,"A quieter, more residential sestiere than San Marco, home to the Accademia Gallery and the Peggy Guggenheim Collection — a good escape from the main crowds.",2
Duomo,IT,Italy,45.4642,9.19,"Beyond the interior, the rooftop terraces among the spires (separate ticket) are the real highlight — book that ticket ahead and go early to beat the queue.",2
Egyptian Museum,IT,Italy,45.0703,7.6869,"Holds the second-largest Egyptian collection in the world after Cairo's own museum, which is what justifies the half-day.",2
Erice,IT,Italy,38.0387,12.5865,"Medieval hilltop town above Trapani with a Norman castle (Castello di Venere) built over an ancient temple to Venus, and sweeping views over the coast and Egadi Islands on clear days. Take the cable car (funivia) up from Trapani rather than the switchback drive, and stop at Pasticceria Grammatico for its famous almond pastries.",2
Etna,IT,Italy,37.751,14.9934,"Cable car plus jeep excursions reach the upper craters, but access and open trails depend on current volcanic activity and can close without notice — confirm conditions locally rather than pre-booking rigidly.",4
Florence,IT,Italy,43.7696,11.2558,"The Uffizi and the Duomo's dome climb are the two must-do highlights; book Uffizi tickets ahead of time, as walk-up lines run for hours.",5
Galleria,IT,Italy,45.4656,9.1896,The 19th-century glass-domed arcade beside the Duomo is worth a stop for the architecture alone; local tradition has visitors spin on their heel three times on the mosaic bull's testicles for good luck.,2
Golfo di Orosei,IT,Italy,40.25,9.65,"Roadless limestone coastline of cliffs and hidden coves reachable only by boat or on foot (Cala Luna, Cala Goloritzé, Cala Mariolu); take a full-day boat tour from Cala Gonone and go early to beat the midday crowds at Cala Luna.",1
Herculaneum,IT,Italy,40.8058,14.3486,"Smaller and more compact than Pompeii but arguably better preserved, since it was buried by pyroclastic flow rather than ash, leaving wood, furniture, and roofs intact. Can be seen thoroughly in under two hours.",3
Lago di Braies,IT,Italy,46.6958,12.0858,"The postcard turquoise lake with wooden rowboats is one of the most photographed spots in the Dolomites. From July 1-Sept 15, the valley road is closed to unbooked cars 9am-4pm — you must pre-book parking online at pragsparking.com or arrive before 9am/after 4pm.",5
Lake Como / Bellagio,IT,Italy,45.986,9.2578,"Bellagio sits on the promontory where the lake's three branches meet, earning its ""pearl of Lake Como"" nickname; the lakeside promenade and the gardens of Villa Melzi/Villa Serbelloni are the highlight beyond the ferry views. Garden visiting hours/entry slots are limited, so check ahead if you want to go in rather than just admire from outside.",3
Lake Garda / Sirmione,IT,Italy,45.4933,10.6089,"Sirmione's peninsula holds the Grotte di Catullo, extensive Roman villa ruins at its tip with lake views on three sides, plus a small thermal-spa scene; the old town gate closes to outside cars, so park before the peninsula and walk in.",3
Lecce (second base),IT,Italy,40.3515,18.175,"Called the ""Florence of the South"" for its ornate Baroque architecture carved in local soft limestone, especially the Basilica di Santa Croce facade; allow a half day, and see the Roman amphitheater in Piazza Sant'Oronzo, partly excavated right in the town center.",1
Locorotondo,IT,Italy,40.7594,17.3306,"A hill town whose streets form a distinctive circular ring of whitewashed houses; the Villa Comunale gardens give a good panoramic viewpoint, and it's known for a crisp local white wine worth trying at a local bar.",1
Manarola,IT,Italy,44.1067,9.7275,Best known for sunset views over its terraced vineyards and stacked colorful houses; the classic photo spot is the harbor breakwater just below town.,2
Matera,IT,Italy,40.6664,16.6043,"The Sassi di Matera — cave dwellings carved into the ravine, inhabited since the Paleolithic and dotted with frescoed rupestrian churches — is one of Europe's oldest continuously inhabited urban landscapes. Catch sunset from the Belvedere Murgia Timone across the ravine, when the cave city glows gold and the crowds thin out.",2
Messina (ferry crossing),IT,Italy,38.1938,15.554,"Sicily's ferry-arrival city was largely rebuilt after the 1908 earthquake, and its main draw is the Duomo's astronomical clock tower — one of the world's largest and most complex — which puts on an animated mechanical show at noon. Time arrival to catch the noon clock show if there's a gap before continuing onward.",1
Milan,IT,Italy,45.4642,9.19,"The Duomo's rooftop terraces and the Navigli canal district are the standouts beyond the obvious sights; Leonardo's Last Supper (Cenacolo Vinciano) requires booking 3-4 months ahead, since tickets for each quarterly release window sell out within minutes of going live.",3
"Milan (Duomo, Galleria)",IT,Italy,45.4642,9.19,"Beyond being the trip's departure point, the Duomo's rooftop terraces (walk among the spires) and the adjoining Galleria Vittorio Emanuele II arcade are worth a couple of hours if there's a gap before departure. If anyone wants to see Leonardo's ""The Last Supper,"" tickets need booking weeks in advance — not a same-trip walk-up option.",2
Modena,IT,Italy,44.6471,10.9252,"Home to Ferrari and Maserati (both museums a short drive away in Maranello) plus traditional balsamic vinegar acetaie open for tastings; Massimo Bottura's Osteria Francescana, one of the world's most acclaimed restaurants, is here too but books out many months ahead.",1
Modica,IT,Italy,36.8467,14.7692,"A Baroque hill town famous for cold-processed ""Aztec-method"" chocolate that stays grainy rather than glossy; taste it at Antica Dolceria Bonajuto (Italy's oldest chocolate shop, since 1880) and see the San Giorgio staircase church.",2
Mole Antonelliana,IT,Italy,45.0691,7.6934,"Originally built as a synagogue, it now houses the National Cinema Museum, with a glass panoramic lift to the top for a view over the city and the Alps.",2
Monopoli,IT,Italy,40.9515,17.3013,"A quieter coastal old town with a small castle (Castello di Carlo V) and pocket beaches tucked among the rocks near the harbor; good for an evening stroll and sunset at the old port, with fewer crowds than its Puglia neighbors.",1
Montalcino,IT,Italy,43.0567,11.49,"Home of Brunello di Montalcino, one of Italy's top reds; the medieval Fortezza has an enoteca inside pouring by the glass with a view over the walls, a good option for tasting without driving out to individual wineries if time is tight.",1
Montepulciano,IT,Italy,43.0938,11.7864,"Built around Vino Nobile di Montepulciano wine, with cantine carved into the rock beneath palazzi like Palazzo Contucci open for tastings right in town — worth descending into at least one cellar rather than just tasting at street level.",2
Monterosso,IT,Italy,44.1461,9.6558,"The only one of the five villages with a proper sandy beach, making it the spot to actually swim or relax rather than just photograph.",2
Mount Etna,IT,Italy,37.751,14.9934,"Europe's largest active volcano, with a stark landscape of lava fields, craters, and smaller volcanic cones on the lower slopes that don't require a guide (unlike the summit crater zone). The lower slopes also host Etna DOC vineyards growing in volcanic soil, with wineries open for tastings — worth an afternoon if not doing a full summit excursion.",5
Murano/Burano,IT,Italy,45.4585,12.3538,"Worth a separate vaporetto trip from the main islands: Murano for glass-blowing demonstrations, Burano for its brightly painted houses and lace-making tradition.",2
Naples,IT,Italy,40.8518,14.2681,"The Naples Archaeological Museum (MANN) houses the mosaics, frescoes, and the ""Secret Cabinet"" erotica removed from Pompeii and Herculaneum — worth seeing before or after visiting the sites themselves to understand what was found there.",6
Naples/Salerno,IT,Italy,40.6824,14.7681,"Naples' UNESCO-listed historic center is the birthplace of pizza (Da Michele, Sorbillo) and the gateway to Pompeii/Herculaneum, while Salerno is the practical, less-crowded base for day trips onto the Amalfi Coast. Stay in Salerno rather than Amalfi-side towns to avoid the coast's summer traffic and inflated prices, and do Pompeii as a half-day from Naples.",1
Navigli,IT,Italy,45.4514,9.1739,The canal district comes alive in early evening for aperitivo along the water; Naviglio Grande also hosts a Saturday antiques market.,2
Noto (Val di Noto),IT,Italy,36.8917,15.0703,"Noto is the showcase town of Sicilian Baroque, rebuilt in warm golden limestone after the 1693 earthquake, with Via Nicolaci and the Cathedral of San Nicolò as its centerpiece. The honey-colored facades are best seen in late-afternoon light, and if travel dates land in mid-to-late May, the Infiorata festival covers Via Nicolaci in flower-petal art.",1
Olbia (in/out),IT,Italy,40.9236,9.498,"Mostly a functional arrival/departure point with little to see itself — don't budget sightseeing time here, head straight on to Costa Smeralda or Cala Gonone.",1
Oristano (waypoint),IT,Italy,39.9036,8.5919,"Unremarkable driving stop between Cagliari and Alghero with no dedicated highlight — worth a coffee/fuel break, not a planned stop.",1
Ortisei / Val Gardena (base),IT,Italy,46.5765,11.675,Ladin-culture valley town known for woodcarving workshops along Via Rezia; step out the door onto the Ortisei-Seceda cable car so you can reach the high country without ever driving.,1
Orvieto,IT,Italy,42.7186,12.1128,"The Duomo's striped facade and Luca Signorelli's Last Judgment frescoes are the draw above ground; below it, Orvieto Underground tours the Etruscan-era caves and tunnels carved beneath the town.",1
Orvieto (waypoint),IT,Italy,42.7186,12.1128,Worth more than a quick break — the striped Gothic cathedral facade (Signorelli frescoes inside) and the Orvieto Underground tour through Etruscan-era tunnels beneath the town. An hour or two covers it before continuing into Val d'Orcia.,1
Ostuni,IT,Italy,40.7285,17.5786,"Puglia's ""White City,"" a whitewashed hilltop town with a Gothic-Romanesque cathedral at its highest point; visit in late afternoon/evening when the light on the white walls is best and the alleys are cooler.",2
Otranto / Salento coast,IT,Italy,40.1455,18.4901,"Puglia's easternmost town, with a fortified castle and a historic cathedral with a huge medieval mosaic floor; pair the town with a stop at nearby Baia dei Turchi for the turquoise water the Salento coast is known for.",1
Palatine Hill,IT,Italy,41.8888,12.487,"The ruins of the imperial palaces (Domus Augustana) overlooking the Circus Maximus, with the Farnese Gardens on top — quieter than the Forum right next to it and often overlooked by visitors rushing to the Colosseum. Included in the same combo ticket as Colosseum/Forum; go late afternoon for the best light and fewer crowds.",1
Palermo,IT,Italy,38.1157,13.3613,"The Cappella Palatina inside Palazzo dei Normanni has some of the best-preserved Byzantine gold mosaics anywhere; it closes for Sunday mass and has restricted visiting windows, so check the schedule before planning around it.",7
Palermo (optional),IT,Italy,38.1157,13.3613,Norman-Arab UNESCO architecture (Palatine Chapel) plus the Ballaro/Vucciria street markets for arancine and panelle; go hungry in the late afternoon/evening when Vucciria turns into an open-air food scene.,1
Pantheon,IT,Italy,41.8986,12.4769,Now charges an entrance fee (a change from its long history as free); the oculus still opens directly to the sky and rain does fall through onto the floor. Book the timed ticket online to skip the line.,6
Pantheon & Trevi Fountain,IT,Italy,41.8986,12.4769,"The Pantheon's 2,000-year-old coffered dome (still the world's largest unreinforced concrete dome) and the Trevi's baroque coin-toss tradition sit a 10-minute walk apart. Pantheon entry now costs a small fee (~€5-7, book via museiitaliani.it — it used to be free) and Trevi is dramatically less crowded before 8am.",1
Parma,IT,Italy,44.8015,10.3279,"Beyond the historic center, book a farm visit to a Parmigiano-Reggiano caseificio or a Prosciutto di Parma producer in advance — most require reservations and only run production tours on weekday mornings.",1
Passo Falzarego,IT,Italy,46.5486,12.025,"Gateway to the Lagazuoi cable car, the single best 360-degree Dolomites viewpoint, with WWI tunnels carved through the mountain. Ride the cable car up and walk the lit tunnel circuit down — allow a half day including the tunnels.",1
Passo Gardena,IT,Italy,46.5478,11.7756,"Hairpin pass linking Val Gardena and Alta Badia with close-up views of the Sella and Sassolungo groups. Stop at Rifugio Frara/Jimmy right on the pass, or use it as the trailhead for an easy walk toward the Cir group.",1
Passo Giau,IT,Italy,46.4864,12.0472,"Widely rated the most scenic drivable pass in the Dolomites, with Rifugio Passo Giau sitting right at the 2236m summit. No hike needed — just pull over; it's a quieter sunrise/sunset alternative to the crowds at Tre Cime.",1
Passo Valparola,IT,Italy,46.5928,11.9331,"Pass beneath Lagazuoi with an open-air WWI museum of forts and trenches, plus views to Sasso di Stria. Pair it with the Passo Falzarego side to make a half-day of both passes and the fort ruins.",1
Perugia,IT,Italy,43.1122,12.3888,"An Etruscan hill town with a lively university-town feel; if visiting in July it hosts Umbria Jazz, one of Europe's major jazz festivals, and Eurochocolate takes over the city in October.",1
Piazza Navona,IT,Italy,41.8992,12.4731,"A grand Baroque square built on the footprint of Domitian's ancient stadium (hence the oval shape), centered on Bernini's Fountain of the Four Rivers. Best visited in the evening when street artists and cafe life fill the square.",1
Piazza San Marco,IT,Italy,45.4408,12.3155,"St Mark's Basilica and the Doge's Palace anchor the square; the basilica itself is free to enter, but a skip-the-line booking avoids the worst of the queue.",4
Pienza,IT,Italy,43.0778,11.6789,"Pius II's ""ideal Renaissance city,"" small enough to see in a couple hours — Piazza Pio II's cathedral/palazzo, and the pecorino cheese shops lining the main street. Walk the Via dell'Amore along the town walls for the classic Val d'Orcia postcard view.",2
Polignano a Mare,IT,Italy,40.9959,17.2199,"A town built directly on a cliff over the sea, famous as a Red Bull Cliff Diving World Series venue at the Lama Monachile cove below the bridge; visit the cove early morning for the classic photo before the crowds, and try a gelato at the well-known Bar Michele di Pasquale.",1
Pompeii,IT,Italy,40.7461,14.4989,"Much larger than Herculaneum, needing 3+ hours; the Villa of Mysteries frescoes and the body casts are the highlights. Wear sturdy shoes — it's a lot of uneven ground with little shade.",5
Ragusa,IT,Italy,36.9269,14.7255,"Split between modern Ragusa Superiore and the Baroque old town Ragusa Ibla below it (Montalbano filming locations, Duomo di San Giorgio); park up top and walk down, allow 2-3 hours, best light at sunset from the Belvedere.",2
Ravenna (Byzantine mosaics),IT,Italy,44.4184,12.2035,"The 5th-6th century Byzantine mosaics inside the Basilica of San Vitale and the Mausoleum of Galla Placidia are the reason to come, some of the best-preserved anywhere; get the combined ticket covering all five monuments and treat San Vitale as the must-not-rush stop.",1
Reggio Calabria,IT,Italy,38.1113,15.6619,"The Museo Archeologico Nazionale here holds the Riace Bronzes, two of the finest surviving Greek bronze statues (5th century BC) — a genuinely world-class collection for a relatively small city.",3
Rialto Bridge,IT,Italy,45.438,12.3358,"Venice's iconic Grand Canal crossing with the adjoining Rialto Market; cross before 9am for photos without the day-tripper crush, and hit the market stalls in the same early slot.",2
Rimini,IT,Italy,44.0678,12.5695,Roman-era Tiberius Bridge and Arch of Augustus sit in a walkable historic center that's distinct from (and quieter than) the beach resort strip; a half day covers the old town on its own.,1
Riomaggiore,IT,Italy,44.0993,9.7378,"The southern trailhead for the inter-village hikes, with pastel houses cascading down to a tiny harbor — a good base for an evening after the trails.",2
Roman Forum,IT,Italy,41.8925,12.4853,Included on the same combined ticket as Colosseum and Palatine Hill; the Palatine Hill viewpoint over the Forum is often skipped by rushed visitors but gives the best overall orientation of the site.,6
Rome,IT,Italy,41.9028,12.4964,"Impossible to cover fully even in a longer stop, so prioritize: the Colosseum/Roman Forum and the Vatican Museums/Sistine Chapel each need separate timed-entry tickets booked well in advance, especially for a summer visit.",2
San Gimignano,IT,Italy,43.4674,11.0431,"Its skyline of medieval stone towers (nicknamed ""Medieval Manhattan"") is best appreciated from just outside the walls around sunset, once the day-trip buses thin out.",5
San Quirico d'Orcia,IT,Italy,43.0578,11.6083,"Quieter than Pienza or Montalcino — the Romanesque Collegiata church and the Horti Leonini, a small Renaissance formal garden right off the main square. Works well as an easy lunch stop between the bigger towns.",1
Santa Teresa Gallura,IT,Italy,41.2372,9.1908,"Northern Sardinia's ferry port town, the closest point to Corsica with Bonifacio visible across the strait; the short ferry crossing (~1 hour) should be booked ahead in summer, and the port sits an easy walk from Rena Bianca beach.",2
Seceda,IT,Italy,46.5765,11.7099,"The jagged, wave-like ridgeline reached by cable car from Ortisei is one of the single most photographed panoramas in the Dolomites, especially at sunrise before the crowds and cloud build-up arrive.",3
Segesta,IT,Italy,37.9411,12.8375,"An isolated, never-finished 5th-century BC Doric temple standing alone on a hillside with no city ever built around it, paired with a well-preserved ancient theater with panoramic valley views a 20-30 min walk/shuttle away from the temple. The theater still hosts open-air classical performances some summers (roughly June-August) — worth checking ahead if visiting in that window.",1
Siena,IT,Italy,43.3188,11.3308,The shell-shaped Piazza del Campo hosts the Palio horse race twice a year (July 2 and Aug 16); climbing the Torre del Mangia gives the best rooftop view over the square.,6
Sorrento,IT,Italy,40.6263,14.3757,"Works best as a car-free base — leave the car parked and use the Circumvesuviana train or ferries to reach Capri, Positano, and Pompeii rather than driving the coast road yourself.",2
Spanish Steps,IT,Italy,41.9058,12.4823,"An 18th-century monumental staircase leading up to the Trinità dei Monti church, with a view back down Via dei Condotti. Sitting on the steps has been banned and fined since a 2019 restoration, so treat it as a viewpoint/photo stop rather than a hangout spot.",1
St. Peter's Basilica,IT,Italy,41.9022,12.4533,"The world's largest church, with Michelangelo's Pietà inside and Bernini's baldachin over the altar. Entry is free but the security line gets very long by mid-morning — arrive before 8am, and book a timed slot if you want to climb the dome.",2
St. Peter's Basilica dome climb,IT,Italy,41.9022,12.4533,"320 steps (plus an optional partial elevator) up to the outer gallery for a rooftop-level panorama over Rome and the square; skip the elevator queue and take the stairs, budget about an hour round trip, go early morning for cooler climbing and clearer views.",1
Su Nuraxi,IT,Italy,39.7167,8.9833,"This Barumini nuraghe complex is the UNESCO-listed reference site for the whole civilization; entry to the central tower is by guided tour only, not free wandering.",3
Syracuse,IT,Italy,37.0755,15.2866,"The Neapolis archaeological park (Greek theatre, Ear of Dionysius) sits apart from the Ortigia old town — budget a half-day for the ruins and a separate half-day for Ortigia's market and waterfront. The theatre still stages classical Greek drama in an annual spring festival.",5
Syracuse / Ortigia,IT,Italy,37.0587,15.2874,"Ortigia's small old-town island packs in the Baroque Piazza Duomo — built around the Greek Temple of Athena's columns, still visible embedded in the cathedral's walls — and a lively daily fish/produce market near Via Trento. On the mainland side, the Neapolis Archaeological Park's Greek theater and the ""Ear of Dionysius"" limestone cave are the must-sees; go early morning to beat heat and cruise-ship crowds.",4
Taormina,IT,Italy,37.8516,15.2853,"The Greek theatre frames Mount Etna in the background, one of the most photographed views in Sicily; arrive early morning before day-trippers arrive by bus from cruise ports.",9
The Last Supper,IT,Italy,45.4661,9.1706,"Only 40 visitors are admitted per 15-minute slot, and tickets for each 3-month release window sell out within minutes of going live — book the instant a window opens, or fall back to a guided-tour slot if direct tickets are gone.",1
Trapani,IT,Italy,38.0176,12.5365,"Historic port city known for its salt pans (Saline di Trapani e Paceco) with pink-hued evaporation ponds and old windmills, plus a compact old town famous for busiate pasta and couscous di pesce reflecting centuries of Arab trading influence. Visit the salt pans near sunset when the light turns the water pink, and pair it with the small on-site salt museum.",2
Trastevere,IT,Italy,41.8896,12.4692,"Rome's atmospheric old quarter turned nightlife/dining hub, narrow cobbled lanes and ivy-draped facades centered on Piazza di Santa Maria in Trastevere; go early evening for the light and aperitivo, but claim a piazza seat before 7pm before it fills.",1
Trastevere / Ostia Antica day trip (optional day 4 alternative),IT,Italy,41.8898,12.4692,"Trastevere is Rome's bohemian, cobblestoned neighborhood best for an evening wander and dinner rather than sightseeing; Ostia Antica is a well-preserved Roman port town (better preserved and far less crowded than Pompeii) reachable by the Roma-Lido regional train from Piramide station in about 30 minutes — allocate a half day if choosing the ruins over Trastevere's nightlife.",1
Tre Cime,IT,Italy,46.6198,12.3032,"The three sheer limestone peaks are best seen on the ~10km loop trail past Rifugio Locatelli; driving up requires the paid Rifugio Auronzo toll road (~€30/car), which fills its lot early on summer mornings.",2
Tre Cime di Lavaredo,IT,Italy,46.6198,12.3032,"The three sheer towers are the most photographed profile in the Dolomites, circled by a ~3hr loop trail from Rifugio Auronzo. Drive up very early (before 8am) — the toll road and its limited parking fill fast in summer, and pre-booking the parking slot online is now standard practice.",2
Trevi Fountain,IT,Italy,41.9009,12.4833,"The Baroque fountain famous for the coin-toss tradition guaranteeing a return to Rome. It's unfenced and open 24/7, so visit before 8am or late at night to see it without the wall-to-wall daytime crowds.",1
Tropea,IT,Italy,38.6759,15.8988,"A clifftop old town on Calabria's coast, best known for the Santa Maria dell'Isola church perched on a rock stack right below it and the sweet red onions (cipolla rossa) grown locally. The viewpoint by the church at the cliff edge is the spot for photos, and a staircase leads down to the beach directly beneath the town.",1
Turin,IT,Italy,45.0703,7.6869,The Egyptian Museum (the largest Egyptian collection outside Cairo) and the Mole Antonelliana's panoramic glass lift above the National Cinema Museum are the two standout stops; each is a half-day visit on its own.,1
Val Gardena,IT,Italy,46.5645,11.675,"Doubles as the springboard for Alpe di Siusi, Europe's largest high-alpine meadow, reachable by cable car and worth a half-day on its own gentle trails.",2
Val Gardena / Ortisei,IT,Italy,46.5765,11.675,"Base for the Alpe di Siusi (Seiser Alm), the largest high-altitude alpine meadow in Europe, reached from Ortisei by cable car; the meadow itself is largely car-restricted in summer, so the cable car/shuttle is the practical way in rather than driving up.",1
Vallunga,IT,Italy,46.5975,11.7211,"Car-free, dead-flat valley behind Selva walled in by sheer dolomite faces on both sides. One of the few easy, family-friendly walks in the range — plan 2-3 hours round trip, no real elevation gain.",1
Varenna,IT,Italy,46.0139,9.2856,"A quieter, more colorful counterpart to Bellagio, with the lakeside ""Passeggiata degli Innamorati"" (lovers' walk) and the hilltop Castello di Vezio above town. The castle viewpoint is a short uphill walk and gives one of the best panoramic photos of the lake — good for sunset since Varenna faces west across the water.",2
Vatican,IT,Italy,41.9029,12.4534,"Vatican Museums/Sistine Chapel require timed, pre-booked tickets to avoid multi-hour queues; St Peter's Basilica itself is free to enter but has its own security line and a strict dress code (shoulders/knees covered).",4
Vatican Gardens tour (optional),IT,Italy,41.9029,12.4494,"Manicured grounds behind the Basilica with fountains, grottoes and the papal heliport, visitable only on a paid guided minibus or walking tour, never independently; book 60-90 days ahead as slots are limited.",1
Vatican Museums,IT,Italy,41.9065,12.4536,"Miles of galleries culminating in the Sistine Chapel's ceiling — worth 3-4 hours, not a quick pass-through. Skip the last Sunday of the month (free entry, but walk-in only, with 60-90 min queues forming before opening) and go on a paid timed slot instead.",3
Vatican Museums & Sistine Chapel,IT,Italy,41.9065,12.4536,"Miles of papal art collections funneling toward Michelangelo's ceiling and Last Judgment, the most crowded room in the complex; book timed entry online and go right at opening or in the last two hours before closing to avoid the worst crush.",1
Vatican Necropolis / Scavi excavation tour,IT,Italy,41.9022,12.4533,"Underground pre-Constantinian burial ground traditionally holding St. Peter's tomb, seen only on a small guided walk-through, not a regular museum stop; book via the Ufficio Scavi by email 3-6 months ahead (longer for May-Sept) since only ~250 visitors/day are admitted.",1
Vernazza,IT,Italy,44.1355,9.6857,"Widely considered the most photogenic of the five, with a small harbor piazza and castle ruin overlooking the water — arrive early before the day-trip crowds off the trail or train.",2
"Verona (Arena, old town)",IT,Italy,45.4384,10.9916,The Roman Arena hosts an open-air opera season roughly June-September (book ahead if visiting in that window) and is otherwise open for daytime visits year-round; the old town's Piazza delle Erbe and Casa di Giulietta (Juliet's balcony) are the other quick highlights within easy walking distance of each other.,1
Villa San Giovanni (ferry crossing),IT,Italy,38.2167,15.6333,"The mainland ferry terminal for the Strait of Messina crossing itself offers little beyond the port, but the short crossing gives open views across to Sicily and, on a clear day, Mount Etna in the distance. It's mainly a functional stop — don't plan extra time here beyond the ferry queue/crossing.",1
Volterra,IT,Italy,43.4013,10.8608,"Etruscan roots older than Siena or San Gimignano's medieval fame — an Etruscan museum, a Roman theater, and alabaster-carving workshops (the town's traditional craft) are the highlights. Noticeably quieter than San Gimignano even in high season.",2
historic center,IT,Italy,45.0703,7.6869,"Grand porticoed boulevards connect baroque piazzas (Piazza Castello, Piazza San Carlo); try a bicerin — Turin's own coffee-chocolate-cream drink — at a historic café like Caffè Al Bicerin.",1
Jersey War Tunnels (WWII),JE,Jersey,49.1958,-2.1206,The specific draw beyond the general occupation history is the underground hospital wing built with forced labour; allow a genuine 1.5-2 hours since the self-guided route runs deep underground and doesn't loop back quickly.,3
beaches,JE,Jersey,49.19,-2.22,"St Ouen's Bay, a five-mile sweep of sand on Jersey's west coast, is the island's best beach and main surf spot — livelier and more exposed than the sheltered south-coast beaches, with several surf schools right on the sand.",2
cliffs,JE,Jersey,49.1667,-2.0333,"Corbière, at Jersey's southwestern tip, is the island's iconic cliff-and-lighthouse spot — the lighthouse is reachable on foot across a causeway at low tide only, so check tide times before heading out.",2
coast,JE,Jersey,49.19,-2.13,"Jersey's north coast around Bouley Bay and Rozel is its wild side — steep wooded cliffs and a rocky shoreline, a sharp contrast to the flat sandy bays of the south and west. Worth the detour for sea-view pubs and quieter coves than Jersey's busier south coast.",2
Blue Mountains (Hardwar Gap),JM,Jamaica,18.0747,-76.6597,"Home to the Blue Mountain coffee estates (farm tours/tastings) and the trailhead for Blue Mountain Peak. If attempting the Peak hike, start around midnight-2am — the summit sunrise is the entire point of doing it, and it's socked in by cloud later in the day.",3
Dunn's River Falls (Ocho Rios),JM,Jamaica,18.4108,-77.1296,"A 180m terraced waterfall climbed hand-in-hand in a guided human chain — touristy but genuinely one of Jamaica's signature experiences. Entry is about $25/adult as of 2026; go right at opening, before ~9am, to beat the cruise-ship crowds that swamp it by midday.",3
Kingston,JM,Jamaica,17.9714,-76.7936,"The real draws are reggae history sites, not the city at large: the Bob Marley Museum (his former home/studio at 56 Hope Road) and the Trench Town Culture Yard. Book the Bob Marley Museum's guided tour for the morning — it's small-group and slots fill up.",3
Port Antonio,JM,Jamaica,18.1811,-76.4513,"Quieter than Ocho Rios/Montego Bay — its specific draws are the Blue Lagoon, Frenchman's Cove, and bamboo rafting down the Rio Grande. Book a Rio Grande raft trip (roughly 2-3 hours) for morning, calmer water and fewer other rafts on the river.",3
Amman,JO,Jordan,31.9454,35.9284,"The Citadel (Jabal al-Qal'a) mixes the Temple of Hercules ruins with the Umayyad Palace and gives the best panoramic view over the 6,000-seat Roman Theatre below and downtown; pair it with an evening stroll on Rainbow Street (cafés, murals, rooftop shisha), which only really comes alive from late afternoon onward — budget a half-day for Citadel + Theatre and do Rainbow Street after dinner.",3
Dead Sea,JO,Jordan,31.559,35.4732,"Skip the public beaches (no freshwater showers, which you need immediately after floating) and pay for a resort day-pass instead — it gets you clean mud, showers and lifeguards; float only on your back (front-floating forces your face into the caustic water), and apply mud wet, right out of the sea, letting it dry ~15 minutes before rinsing off.",3
Jerash,JO,Jordan,32.2811,35.8994,"Beyond the well-known Roman colonnades, the restored Hippodrome still hosts a live ""Roman Army and Chariot Experience"" show (gladiator fights, marching legionaries, a real chariot race) at 11:00 and 14:00 daily — worth timing your visit around one of these two slots since it's easy to miss if you just wander the ruins.",3
Petra,JO,Jordan,30.3285,35.4444,"Arrive right at the 6:00 gate opening — the Siq and Treasury are dramatically emptier and better lit in the first hour before tour buses arrive at mid-morning; the most commonly skipped highlight is the Monastery (Ad Deir), a ~45-min uphill climb of 800+ steps past the Treasury that's actually larger and far less crowded, so don't treat the Treasury alone as ""done.""",3
Wadi Rum,JO,Jordan,29.5766,35.4206,"Beyond just camping, a half-day jeep tour typically strings together Khazali Canyon (a narrow slot canyon with Nabataean rock inscriptions on its walls), Lawrence's Spring, and a dune climb, ending with sunset tea at a spot like Um Sabatah — ask if your driver is an actual camp-staff Bedouin guide (who narrates the sites) rather than a hired driver who just waits in the car.",3
Hakone/Fuji,JP,Japan,35.2323,139.1069,"Mt. Fuji is frequently obscured by cloud, so don't bank a single day on seeing it; the Hakone Ropeway over Owakudani is occasionally suspended for volcanic gas venting, worth checking the day-of.",3
Hiroshima,JP,Japan,34.3853,132.4553,"Pair the Peace Memorial Park/Museum with a same-day ferry+tram to Miyajima; the ""floating"" torii gate only appears surrounded by water at high tide — check tide times, since at low tide you can simply walk out to it.",3
Kyoto,JP,Japan,35.0116,135.7681,Fushimi Inari Taisha is free and open 24/7 — go at dawn or after dark to get the lower torii tunnels without the tour-group crowds that pack it midday.,3
Nara,JP,Japan,34.6851,135.8048,"Deer in Nara Park will bow for ""shika senbei"" crackers sold by vendors; keep crackers hidden until you're ready, as visible crackers invite nudging/nipping.",3
Osaka,JP,Japan,34.6937,135.5023,"Dotonbori's neon signage (the Glico Running Man etc.) is really an evening scene; Osaka Castle's interior is a modern concrete/elevator reconstruction, not historic, so it's more about the exterior/view.",3
Tokyo,JP,Japan,35.6762,139.6503,"teamLab's immersive digital art museum (now at Azabudai Hills) requires advance timed-entry tickets bought online — these regularly sell out days ahead, so book before arrival.",3
Amboseli,KE,Kenya,-2.65,37.25,The classic elephant-herds-with-Kilimanjaro-backdrop shot works best early morning before clouds build up over the mountain later in the day.,3
Diani Beach/Mombasa,KE,Kenya,-4.05,39.6667,Diani is a genuine white-sand beach-resort stop (good for downtime after safari); Mombasa Old Town and the Portuguese-built Fort Jesus are the historical/cultural counterpoint if you swing through the city itself.,3
Lake Nakuru,KE,Kenya,-0.3667,36.0833,Worth knowing before you go: the huge lesser-flamingo flocks this park was historically famous for have largely relocated to Lake Bogoria and Lake Elementaita in recent years as rising water levels diluted Nakuru's algae food source — the park is now sold more on its rhino sanctuary (both black and white rhino) than flamingos.,3
Maasai Mara,KE,Kenya,-1.5,35,The wildebeest/zebra migration river crossings are seasonal — roughly July through October — outside that window it's still excellent general game viewing but don't expect river-crossing drama.,3
Mount Kenya,KE,Kenya,-0.1521,37.3084,"Point Lenana (the trekking summit, ~4,985m) is reachable without technical climbing gear in 3-4 days, unlike the true summits (Batian/Nelion) which require technical mountaineering.",3
Nairobi,KE,Kenya,-1.2921,36.8219,"Nairobi National Park is unique for having Big Five-adjacent wildlife (no elephants) with the city skyline as backdrop, literally minutes from downtown; the Giraffe Centre and Sheldrick Wildlife Trust elephant orphanage are easy half-day add-ons.",3
Bishkek,KG,Kyrgyzstan,42.8746,74.5698,Soviet-era architecture around Ala-Too Square and the sprawling Osh Bazaar are the main things to see; otherwise a fairly low-key capital.,5
Issyk-Kul,KG,Kyrgyzstan,42.65,77.0833,Second-largest alpine lake in the world by some measures; Cholpon-Ata has petroglyph fields and is the main lakeside resort town.,5
Karakol,KG,Kyrgyzstan,42.4907,78.3936,Base for the Ala-Kul trek; also home to a wooden Dungan mosque built without nails and a lively Sunday livestock/animal market.,5
Osh,KG,Kyrgyzstan,40.5283,72.7985,"Sulaiman-Too, a sacred rocky outcrop (UNESCO) with pilgrimage sites carved into it, plus one of Central Asia's oldest and largest bazaars.",5
Song-Kul,KG,Kyrgyzstan,41.8333,75.1333,"Yurt stays at a remote high-altitude lake, but only reachable roughly June-September — outside that window the passes are snowed in, so timing this leg matters.",5
Angkor Wat,KH,Cambodia,13.4125,103.867,"Sunrise viewing draws heavy crowds at the main reflecting pool; Bayon (many-faced towers) and Ta Prohm (tree-root ruins) are the other two ""big three"" temples typically covered on the same multi-day ticket.",3
Battambang,KH,Cambodia,13.0957,103.2022,"The bamboo train (""norry"") is largely a tourist novelty now rather than functional transport; Phare Ponleu Selpak circus school puts on genuinely well-regarded evening shows.",3
Koh Rong,KH,Cambodia,10.7,103.2,Known for its party-beach scene on the main strip but also for bioluminescent plankton visible in the water on dark nights away from the lights.,3
Phnom Penh,KH,Cambodia,11.5564,104.9282,"Tuol Sleng (S-21) genocide museum and the Choeung Ek Killing Fields are the two essential, sobering half-day stops, usually done together.",3
Siem Reap,KH,Cambodia,13.3671,103.8448,Pub Street is the nightlife hub; otherwise it's purely the base for Angkor — not much to do in town itself beyond that.,3
Stung Treng,KH,Cambodia,13.5259,105.9683,Quiet Mekong town mainly used as the crossing point toward Laos; Mekong dolphin-spotting here is possible but the sightings are more reliable further south at Kratie.,3
Almaty,KZ,Kazakhstan,43.2567,76.9286,"Kok-Tobe hill (gondola access) for city views, and Medeu/Shymbulak just outside town for a mountain day trip.",4
Charyn Canyon,KZ,Kazakhstan,43.35,79.0667,"Often called a mini Grand Canyon; the ""Valley of Castles"" section is the most photographed part and walkable in a few hours.",4
Shymkent,KZ,Kazakhstan,42.3417,69.5901,Far less touristed than Almaty; mostly a practical stopover rather than a sightseeing destination.,4
Turkistan,KZ,Kazakhstan,43.2975,68.2517,The Yasawi Mausoleum (UNESCO) is the main draw — one of Central Asia's most significant Timurid-era religious buildings.,4
Luang Prabang,LA,Laos,19.8845,102.1348,The dawn alms-giving procession (tak bat) along the main street and Kuang Si waterfalls (with its turquoise pools) are the two signature things to build a schedule around; the night market runs every evening on the main street.,2
Pakse,LA,Laos,15.1202,105.7989,"Mainly a jumping-off point for the Bolaven Plateau — coffee farms and a loop of waterfalls (Tad Fane, Tad Yuang) are the reason to stop here rather than the town itself.",2
Si Phan Don (4000 Islands),LA,Laos,13.9667,105.9333,"Don Det (backpacker scene) and quieter Don Khon are the two islands to base on; Irrawaddy dolphin-spotting boat trips run near the Cambodian border close by, and Khone Phapheng waterfall (the widest in Southeast Asia) is a short ride away.",2
Vang Vieng,LA,Laos,18.9241,102.4432,"Post-crackdown tubing is much tamer now — a few riverside bars remain but the old rope swings/zip-lines/""death slide"" scene is gone; it's now more of a scenic float plus karst-and-cave day trips (Blue Lagoon, Tham Chang cave).",2
Vientiane,LA,Laos,17.9757,102.6331,"Low-key capital compared to other SE Asian capitals; Buddha Park (Xieng Khuan) with its concrete sculpture garden is a worthwhile half-day trip outside town, Patuxai arch in the center.",2
Sulphur Springs (drive-in volcano),LC,Saint Lucia,13.8347,-61.0552,"Entry runs about EC$26/US$10 per person to walk right up to the bubbling vents and steaming mud pools; pay a bit extra to add the mineral mud bath, which locals use for skin ailments and is the highlight beyond the drive-in novelty itself.",3
Tet Paul Nature Trail,LC,Saint Lucia,13.8333,-61.05,"A short 30-45 minute loop through a working farm ends at the ""Stairway to Heaven"" platform with a side-by-side view of both Pitons — worth doing even with limited time since it needs no guide and no real fitness.",3
The Pitons,LC,Saint Lucia,13.8167,-61.0667,"Climbing Gros Piton (Petit Piton is not open to casual hikers) requires a licensed local guide from Fond Gens Libre village and takes about 4 hours round trip on a steep, humid trail — book a day ahead through the interpretive center rather than showing up hoping for a spot.",3
Vaduz,LI,Liechtenstein,47.141,9.5209,"The capital is a small, walkable strip beneath the reigning prince's hilltop castle, which is a private residence viewable only from outside; an hour covers the pedestrian center and the Kunstmuseum.",3
Malealea,LS,Lesotho,-29.8167,27.7833,"Base for pony trekking through Basotho villages and to Ribaneng waterfall; the lodge itself, run with the local community, is part of the draw.",3
Maseru,LS,Lesotho,-29.3151,27.4869,Mostly a functional capital/transit stop with little to detain travelers beyond a night's stay and border logistics.,3
Roma,LS,Lesotho,-29.45,27.7333,"Home to the National University of Lesotho and, nearby, well-preserved dinosaur footprints (early Jurassic) at Subeng River, an easy detour if passing through.",3
Sani Pass,LS,Lesotho,-29.5833,29.2833,"Sani Top Chalet claims to be the highest pub in Africa (2,874m); worth the stop for the view back down the switchbacks into KwaZulu-Natal regardless of the border/vehicle logistics.",3
Semonkong,LS,Lesotho,-29.8333,28.0333,"Maletsunyane Falls (192m) has the world's longest single-drop commercial abseil; even without abseiling, the falls and the town's pony-trekking lodges are worth a night.",3
Thaba-Bosiu,LS,Lesotho,-29.2833,27.6,"Sandstone plateau fortress of King Moshoeshoe I, founder of the Basotho nation; go with a local guide from the visitor center to hear the history and see his grave site atop the mountain.",3
Vilnius (Old Town),LT,Lithuania,54.6872,25.2797,"Cross the river into Užupis, a bohemian pocket that jokingly declared itself an independent republic with its own tongue-in-cheek constitution posted on a wall (in dozens of languages); it's a 5-minute walk from the old town's edge and worth an hour of wandering its cafés and galleries.",5
Berdorf (Müllerthal day trip),LU,Luxembourg,49.8167,6.35,"Sandstone rock-formation hub and trailhead for the Müllerthal Trail's toughest route (ladders and narrow rock passages); wear proper shoes, this isn't a casual stroll.",1
Echternach (Müllerthal day trip),LU,Luxembourg,49.8114,6.4211,"Luxembourg's oldest town, with a historic Abbey and a lake right at the edge of town; pair it with a Müllerthal hike finishing at the lake for a swim afterward.",1
Luxembourg City,LU,Luxembourg,49.6116,6.1319,"The Bock Casemates — a network of fortress tunnels carved into the rock — are the standout beyond the old town/Grund views; the ticket is cheap and the walk-through takes about an hour, best paired with the Chemin de la Corniche viewpoint.",2
Vianden,LU,Luxembourg,49.935,6.2081,"One of the region's largest feudal castles, perched above the town; ride the chairlift (télésiège) across the valley for the classic castle-and-town photo, or visit the castle interior right at opening to beat tour groups.",3
Riga (Old Town),LV,Latvia,56.9496,24.1052,"The House of the Blackheads and Riga Cathedral anchor the old town, but the real standout is just outside it on Alberta iela — one of the world's densest concentrations of Art Nouveau facades, worth a short detour on foot.",5
Chefchaouen,MA,Morocco,35.1688,-5.2636,"Known for the blue-washed walls of its medina (tradition variously linked to Jewish refugees or mosquito-repelling), which makes it one of the most photographed towns in the country.",3
Fes,MA,Morocco,34.0181,-5.0078,"Home to the University of Al Quaraouiyine, recognized by Guinness as the oldest continuously operating university in the world; the Chouara Tannery is best viewed (and smelled) from the terraces of surrounding leather shops, where mint is handed out to offset the odor.",3
Marrakech,MA,Morocco,31.6295,-7.9811,"Jemaa el-Fnaa square shifts character completely after dark, filling with food stalls and performers; Jardin Majorelle, restored by Yves Saint Laurent, is a small but distinct cobalt-blue garden.",3
Tangier,MA,Morocco,35.7595,-5.834,The old American Legation building is the first property the US government ever owned abroad; Cap Spartel nearby marks the point where the Atlantic meets the Mediterranean.,3
Volubilis,MA,Morocco,34.0742,-5.5548,Roman ruins with unusually intact mosaic floors still in situ (not roped off in a museum) — the House of Orpheus and the Triumphal Arch are the standout structures; go near sunset for light and fewer crowds.,3
Casino Square,MC,Monaco,43.7396,7.4275,"The Casino de Monte-Carlo and Place du Casino, Monaco's belle-époque centerpiece with luxury cars parked out front; the atrium/exterior is free to see and best photographed before mid-morning tour groups arrive, while the gaming rooms require ID, a fee, and no shorts/sneakers after 2pm.",1
Larvotto beach,MC,Monaco,43.7455,7.4342,"Monaco's only real public sand beach, split into free sections at either end and paid beach-club sections in the middle, with breakwaters that keep the water calm for swimming.",1
Monaco-Ville old town,MC,Monaco,43.7306,7.4222,"The old town on the Rock, separate from the casino district, holding the Cathedral (Grace Kelly's tomb), the Oceanographic Museum, and ramparts with harbor views; visit the Oceanographic Museum first thing before tour buses arrive, and allow 2-3 hours to also walk the ramparts.",1
Monte Carlo / Monaco-Ville,MC,Monaco,43.7396,7.4275,"The old town on the Rock, separate from the casino district, holding the Cathedral (Grace Kelly's tomb), the Oceanographic Museum, and ramparts with harbor views; visit the Oceanographic Museum first thing before tour buses arrive, and allow 2-3 hours to also walk the ramparts.",1
Monte Carlo Casino Square,MC,Monaco,43.7396,7.4275,"The Casino de Monte-Carlo and Place du Casino, Monaco's belle-époque centerpiece with luxury cars parked out front; the atrium/exterior is free to see and best photographed before mid-morning tour groups arrive, while the gaming rooms require ID, a fee, and no shorts/sneakers after 2pm.",1
Oceanographic Museum,MC,Monaco,43.7317,7.4249,"Perched on the clifftop of the Rock, founded by Prince Albert I and later run by Jacques Cousteau, with a shark lagoon and a rooftop terrace giving a free sea view even without visiting the aquarium itself.",1
Port Hercule,MC,Monaco,43.7325,7.4276,"Monaco's main harbor, packed with superyachts and doubling as the F1 Grand Prix start/finish straight in May; the best free overview is from the terraces near the Prince's Palace or the Fairmont hairpin above.",2
Prince's Palace,MC,Monaco,43.7314,7.4197,"Monaco's royal residence atop the Rock, with a changing-of-the-guard ceremony every day at 11:55am; arrive by 11:40 to get a spot near the palace gates, and note the State Apartments are only open to visitors roughly April through October.",1
"Prince's Palace (changing of the guard, 11:55)",MC,Monaco,43.7314,7.4197,"Monaco's royal residence atop the Rock, with a changing-of-the-guard ceremony every day at 11:55am; arrive by 11:40 to get a spot near the palace gates, and note the State Apartments are only open to visitors roughly April through October.",1
Chișinău,MD,Moldova,47.0105,28.8638,"Moldova's low-key capital, mainly a base for the country's wine-cellar day trips, with the Triumphal Arch and Nativity Cathedral as the main central sights.",4
Cricova / Mileștii Mici wine cellars,MD,Moldova,47.2333,28.85,"Vast underground tunnel networks (Mileștii Mici holds the Guinness record for the world's largest wine collection, over 200km of galleries); you cannot just show up — a guided tour must be booked in advance (ideally a couple of days ahead) directly through the winery.",2
Orheiul Vechi,MD,Moldova,47.3833,28.9333,"Historic complex with a cave monastery carved into limestone cliffs above a bend in the Răut river, near Chișinău; allocate a half day to see the cliffside cave church plus the archaeological site on top, and wear decent shoes for the climb down to the cave.",4
Budva,ME,Montenegro,42.2911,18.84,Old Town citadel is compact and walkable in an hour or two; the town itself functions more as a beach/nightlife base than a heritage stop.,12
Durmitor NP,ME,Montenegro,43.1461,19.0413,"Crno Jezero (Black Lake) is the easy, popular walk; for something more active, the Tara River Canyon (one of the deepest in Europe) offers rafting trips from nearby Žabljak.",3
Kolašin,ME,Montenegro,42.8236,19.5181,"A small mountain town in central Montenegro serving as the main gateway to Biogradska Gora National Park. Don't skip the easy ~2-hour loop trail around Biogradsko Lake, ringed by one of Europe's last old-growth forests; the town itself is just a base, not a sight.",1
Kotor,ME,Montenegro,42.4247,18.7712,Climb the fortress walls up to St. John's Fortress above town for the best view over the bay — go at dawn or dusk to beat the heat and crowds.,3
Kotor Old Town,ME,Montenegro,42.4247,18.7712,"Beyond the Venetian-walled old town itself, the real highlight is climbing the fortifications up to St. John's (San Giovanni) Fortress for a view over the bay and the town's terracotta roofs. It's a steep ~1,350-step climb (roughly 1-1.5 hours round trip) — start at first light or late afternoon to avoid both the midday heat and the crowds that arrive once cruise ships dock.",9
Kotor Old Town + Bay of Kotor,ME,Montenegro,42.4247,18.7712,"The Venetian old town sits at the foot of a dramatic fjord-like bay ringed by mountains, and the real highlight is climbing the ~1,300 steps of the city walls up to St. John's Fortress for a sweeping view over the bay and terracotta rooftops. Go early morning to avoid both the heat and cruise-ship crowds on the climb; the fortress ticket runs roughly €8-15 depending on season/entrance, cash or card at the booth.",5
Ostrog Monastery,ME,Montenegro,42.7758,18.9967,"A Serbian Orthodox monastery built directly into a sheer cliff face, one of the Balkans' most-visited pilgrimage sites. Dress modestly (shoulders/knees covered), expect crowds of pilgrims especially on weekends, and park at the lower monastery to walk or shuttle up the steep road — allow 1.5-2 hours.",2
Perast,ME,Montenegro,42.4875,18.7089,"Take the short boat trip out to the artificial islet Our Lady of the Rocks, built up over centuries by sailors dropping stones on the reef.",8
Podgorica,ME,Montenegro,42.4304,19.2594,"Montenegro's low-key capital, functioning mostly as a transit/airport hub with little historic center left (Stara Varoš is a small remnant). A few hours is enough — treat it as a stopover before/after flights rather than a destination.",1
Žabljak / Durmitor (Black Lake),ME,Montenegro,43.1394,19.0692,"Durmitor has 48 peaks over 2000m; the easy Black Lake (Crno Jezero) loop trail (~1.5hr, flat) is the must-do, and Ćurevac viewpoint is the easily-missed extra if you have another hour — it gives a full panorama over the Tara Canyon.",1
Žabljak / Durmitor National Park,ME,Montenegro,43.155,19.1225,"Durmitor has 48 peaks over 2000m; the easy Black Lake (Crno Jezero) loop trail (~1.5hr, flat) is the must-do, and Ćurevac viewpoint is the easily-missed extra if you have another hour — it gives a full panorama over the Tara Canyon.",4
Andasibe-Mantadia,MG,Madagascar,-18.9333,48.4167,"Best known for the indri, the largest living lemur, whose loud wailing call carries through the forest; go on an early-morning guided walk when calling activity is highest.",3
Antananarivo,MG,Madagascar,-18.8792,47.5079,"Mostly a transit/overnight stop; if time allows, the hillside Rova (Queen's Palace) compound gives a view over the old town, but a day is enough.",3
Avenue of the Baobabs,MG,Madagascar,-20.25,44.4167,"A short roadside stop, not a park; go at sunrise or sunset when the light and long shadows make the photos, and expect a crowd of vendors/photographers at golden hour.",3
Isalo NP,MG,Madagascar,-22.5833,45.3167,"Sandstone canyon scenery with natural swimming pools (Piscine Naturelle) reached by an easy hike, plus a well-known sunset viewpoint at the Fenêtre de l'Isalo rock formation.",3
Morondava,MG,Madagascar,-20.2833,44.3167,"Base for the Avenue of the Baobabs; also the jumping-off point for Kirindy Forest, good for nocturnal walks to spot fossa and mouse lemurs.",3
Nosy Be,MG,Madagascar,-13.3167,48.25,"Beach-focused island stop; Lokobe Reserve (boat access only) is the spot for black lemurs, and whale shark season runs roughly October-December if timing allows.",3
Bitola,MK,North Macedonia,41.0297,21.3347,The pedestrian promenade Širok Sokak (Wide Street) is the social heart of town; the Roman ruins of Heraclea Lyncestis are a short walk from the center.,4
Ohrid,MK,North Macedonia,41.1231,20.8016,"The Church of St. John at Kaneo, perched on a cliff over the lake, is the iconic shot; combine with the ancient theatre and a walk up to Samuel's Fortress.",12
Pelister National Park,MK,North Macedonia,41.05,21.2167,"North Macedonia's oldest national park, known for endemic Molika pine forest and the two glacial ""Pelister Eyes"" lakes (Golemo/Malo Ezero). The lakes require a genuine multi-hour hike from villages like Magarevo or Rotino on a marked trail, not a quick roadside stop, so only add it if you have most of a day free.",1
Skopje,MK,North Macedonia,41.9973,21.428,"The ""Skopje 2014"" project filled the center with an unusual density of oversized statues and neoclassical facades; also see the reconstructed Old Bazaar and Stone Bridge, and the Mother Teresa memorial house (she was born here).",12
Gobi Desert,MN,Mongolia,43.5711,104.4256,"Khongoryn Els (""singing dunes"") and the Yolyn Am ice canyon (ice can persist there even in summer) are the two marquee stops on a typical multi-day jeep circuit.",3
Kharkhorin,MN,Mongolia,47.1975,102.8317,"Erdene Zuu Monastery sits on the site of ancient Karakorum, the original Mongol Empire capital — almost nothing of the actual 13th-century city survives above ground, just the monastery walls/stupas and a small on-site museum, so temper expectations of ""seeing the old capital.""",3
Terelj NP,MN,Mongolia,47.9714,107.4756,Turtle Rock and the Aryabal Meditation Temple (a steep staircase hike) are the two signature short hikes; easy ger-camp base without the logistics/permits of a deeper trip.,3
Ulaanbaatar,MN,Mongolia,47.8864,106.9057,Gandantegchinlen Monastery is the city's main active Buddhist monastery; morning is when monks are chanting and it feels most alive.,3
"Cittadella, Victoria (Gozo)",MT,Malta,36.0448,14.24,"Gozo's walled hilltop old town with sweeping views over the whole island from its bastion walls, plus a small cathedral and museums inside; go near sunset for the best light and emptiest ramparts.",2
Dwejra / former Azure Window site (Gozo),MT,Malta,36.0578,14.1917,"Dramatic limestone coastline with the Inland Sea lagoon and the Blue Hole, where the famous Azure Window arch stood before it collapsed into the sea in a 2017 storm; still worth the stop for the Inland Sea boat trip and Blue Hole snorkeling/diving rather than the now-absent arch.",1
Gozo,MT,Malta,36.0443,14.244,"The Azure Window natural arch, once its most photographed landmark, collapsed into the sea in 2017 during a storm — it no longer exists, so don't plan around it; Ramla Bay's red-sand beach is still there and worth it instead.",3
Hypogeum,MT,Malta,35.8703,14.5027,"Only 80 visitors per day are admitted, in small groups of 10, due to strict humidity/CO2 controls — tickets (only sold via Heritage Malta's own site, no third-party resellers) should be booked 2-3 months in advance as they sell out.",3
Marsaxlokk,MT,Malta,35.8419,14.5453,Malta's fishing village with colorful luzzu boats and a Sunday fish/produce market; go early (before 9am) to beat the tour-bus crowds.,3
Mdina,MT,Malta,35.8869,14.4031,"Nicknamed the ""Silent City"" since almost no cars are allowed inside the walls; used as a filming location for King's Landing in Game of Thrones (season 1).",4
Ramla Bay (Gozo),MT,Malta,36.0672,14.2789,"Gozo's biggest beach, with distinctive reddish-orange sand backed by dunes and few buildings; arrive by mid-morning in summer as the small car park fills fast and shade is scarce.",2
Southern coast temples (Hagar Qim),MT,Malta,35.8256,14.4408,"One of the world's oldest freestanding stone structures, perched on a sea cliff with the twin Mnajdra temple a 500m walk away; buy the combined ticket covering both plus the visitor centre and allow about 2 hours total.",1
Three Cities,MT,Malta,35.8886,14.5228,"Vittoriosa/Birgu, Senglea and Cospicua — the Knights' original fortified capital across the harbour from Valletta, far quieter than Valletta itself; cross by the traditional dgħajsa water-taxi instead of driving.",2
Valletta,MT,Malta,35.8989,14.5146,"St. John's Co-Cathedral holds Caravaggio's ""The Beheading of Saint John the Baptist"" — his largest known work and the only painting he ever signed.",6
Xlendi (Gozo),MT,Malta,36.0272,14.2069,"A tiny, sheltered fishing cove with a harbor-front promenade of restaurants; good for an easy swim off the rocks and a low-key seafood dinner rather than a big sandy beach.",1
Ġgantija temples,MT,Malta,36.0453,14.2686,"Two distinct temples enclosed within a single boundary wall, believed linked to a fertility cult; located on Gozo, a short ferry ride from the main island.",2
Black River Gorges NP,MU,Mauritius,-20.4167,57.45,Hiking trails through native forest with a good chance of spotting endemic birds like the pink pigeon and Mauritius kestrel; the Alexandra Falls viewpoint is an easy short walk.,3
Chamarel,MU,Mauritius,-20.4333,57.3833,"Two distinct stops close together: the Seven Coloured Earths dunes (a geological curiosity, not a hike) and Chamarel waterfall, plus a well-regarded rum distillery for tastings.",3
Grand Baie,MU,Mauritius,-20.0167,57.5833,The island's nightlife and shopping hub with a lively Sunday craft/produce market; also a common base for booking water-sports and boat excursions.,3
Port Louis,MU,Mauritius,-20.1609,57.5012,"Aapravasi Ghat, the UNESCO-listed site documenting indentured labourer arrivals, is the one genuinely distinct historical stop; pair with the Central Market and Caudan Waterfront for a half-day visit.",3
Île aux Cerfs,MU,Mauritius,-20.2667,57.7833,Popular for its beach and golf course alongside the boat-tour access already noted at country level.,3
Lake Malawi (Cape Maclear),MW,Malawi,-14,34.8333,Snorkeling or diving among hundreds of colorful cichlid species is the main draw here; boat trips out to Thumbi Island for snorkeling are easy to arrange from the beach.,3
Lilongwe,MW,Malawi,-13.9626,33.7741,"Skip sightseeing in the city itself and instead visit the Lilongwe Wildlife Centre, Malawi's only accredited wildlife rescue and rehabilitation sanctuary, with guided walking tours through its forest reserve.",3
Liwonde NP,MW,Malawi,-14.8,35.3167,African Parks-managed reserve with reintroduced black rhino and cheetah; boat safaris on the Shire River for close-up hippo and crocodile sightings are the highlight over vehicle game drives.,3
Mount Mulanje,MW,Malawi,-15.95,35.6167,"Highest peak in Malawi (Sapitwa, ~3,002m); multi-day hut-to-hut routes are the way to do it properly, and huts should be booked ahead through the Mulanje Mountain Conservation Trust.",3
Zomba Plateau,MW,Malawi,-15.3833,35.3167,"Cool, forested highland with hiking trails and the Chingwe's Hole viewpoint; a welcome relief from lowland heat and a good 1-2 day add-on rather than a full safari stop.",3
Bacalar,MX,Mexico,18.6767,-88.3958,"""Lagoon of Seven Colors"" — swim from the public pier (Los Rapidos is the well-known spot for faster current/floating); reef-safe sunscreen matters more here than elsewhere since the lagoon's stromatolites are sensitive to chemical runoff.",2
Ciudad de México,MX,Mexico,19.4326,-99.1332,"Casa Azul (Frida Kahlo Museum) and the Teotihuacán pyramids day trip are the two big draws beyond the historic center; Casa Azul tickets need to be bought online in advance for a specific time slot, they regularly sell out.",2
Mérida,MX,Mexico,20.9674,-89.5926,"Colonial center with free weekly cultural events (Noche Mexicana, Sunday street closures on Paseo de Montejo); mainly used as a base for Uxmal and the Yucatán cenotes rather than a destination itself.",2
Oaxaca,MX,Mexico,17.0732,-96.7266,"Base for Hierve el Agua (petrified mineral waterfalls) and mezcal palenques in Santiago Matatlán; the city's food scene (mole, tlayudas, Mercado 20 de Noviembre) is a highlight in its own right.",2
Palenque,MX,Mexico,17.489,-91.9792,The jungle-set ruins with howler monkeys overhead are the highlight; go right at opening to beat both the heat and the tour-bus crowds.,2
San Cristóbal de las Casas,MX,Mexico,16.737,-92.6376,"Highlight is the nearby indigenous village of San Juan Chamula, where the church interior mixes Catholic and Maya ritual (pine needles, live chickens, candles) — photography inside is strictly forbidden and can provoke real hostility if broken.",2
Tulum,MX,Mexico,20.2114,-87.4654,"The only major Maya ruin site perched directly on a Caribbean beach; arrive at opening time, both for crowds and because the beach below the ruins gets crowded fast.",2
Bako National Park,MY,Malaysia,1.7167,110.4667,"Best easy shot at wild proboscis monkeys in Borneo, plus bearded pigs and silvered langurs right around the park HQ trails; access is by short boat from Kuching, and it gets crowded with day-trippers by late morning.",2
Batu Caves,MY,Malaysia,3.2379,101.684,"A limestone cave temple reached by 272 rainbow-colored steps guarded by a giant golden Murugan statue, with monkeys along the way. Go early morning (before 9am) to beat both the heat and the tour-bus crowds on the stairs.",1
Bornean Sun Bear Conservation Centre,MY,Malaysia,5.8756,117.9481,Sits right next to the orangutan centre and lets you view the world's smallest bear species from an elevated walkway. Visit right after the Sepilok morning feeding since it's a 5-minute walk away and takes under an hour.,1
Cameron Highlands,MY,Malaysia,4.47,101.38,"BOH tea estates and strawberry farms sit at ~1,500m, so it's notably cool/misty compared to the rest of Peninsular Malaysia — pack a light layer.",3
Chinatown & Merdeka Square,MY,Malaysia,3.1428,101.6953,Petaling Street's market/food stalls and the colonial-era Merdeka Square/Sultan Abdul Samad Building nearby combine into one walkable half-day. Visit Chinatown in the evening when the street-food stalls are in full swing.,1
Kinabatangan River,MY,Malaysia,5.5,118.3667,"River cruises (dawn/dusk) are the way to see pygmy elephants, proboscis monkeys and hornbills; night safaris add owls and civets.",2
Kinabatangan River wildlife cruises,MY,Malaysia,5.5,118.3667,"The best chance in Borneo to see wild proboscis monkeys, orangutans, hornbills, and elephants from a boat. Early morning and dusk cruises are far more productive than midday, so plan an overnight at a river lodge to catch both.",1
Kota Kinabalu,MY,Malaysia,5.9788,116.0753,Mostly a gateway city; sunset over the South China Sea from the waterfront/Filipino night market is the local ritual worth timing your evening around.,2
Kota Kinabalu (departure buffer),MY,Malaysia,5.9788,116.0753,"A deliberate buffer day before flying out, not a must-see stop — if you have spare hours, revisit the waterfront night market or use the day for the optional Mari Mari Cultural Village tour.",1
Kota Kinabalu waterfront,MY,Malaysia,5.9788,116.0753,The main draw is the nightly waterfront/Filipino night market for seafood and the sunset over the South China Sea — go right around sunset for both.,1
Kuala Lumpur,MY,Malaysia,3.139,101.6869,"Petronas Towers skybridge/observation deck tickets sell out same-day online, so book ahead; Batu Caves' main temple cave is free, the rainbow stairs are the famous photo spot.",3
Kuching,MY,Malaysia,1.5533,110.3592,"Riverside waterfront and Sarawak Cultural Village (a living-village museum of the state's ethnic groups) are the main sights; city's cat theme (name derives from ""kucing"") shows up in statues/museums around town.",2
Laban Rata (overnight rest stop),MY,Malaysia,6.0667,116.55,"Just the mid-climb hut where you sleep before the pre-dawn summit push — little to see here beyond a basic meal and a few hours of rest, so treat it purely as a logistics stop and turn in early since wake-up is around 1:30-2am.",1
Langkawi,MY,Malaysia,6.35,99.8,"SkyCab cable car up Gunung Mat Cincang and the adjoining SkyBridge curved pedestrian bridge are the signature outing; island itself is a duty-free zone, so alcohol/chocolate are noticeably cheap.",3
Mabul Island,MY,Malaysia,4.25,118.6333,"Known for muck diving (rare small critters like frogfish and seahorses) and as the accommodation base for Sipadan trips, since overnight stays aren't allowed on Sipadan itself. Book your resort well ahead, since bed availability is tied to Sipadan permit allocations.",1
Malacca,MY,Malaysia,2.1896,102.2501,"Jonker Street night market (weekends) and the Baba Nyonya heritage houses are the draw; A Famosa fort ruins are a quick stop, not a full-day site.",3
Malacca (optional day trip),MY,Malaysia,2.1896,102.2501,"A UNESCO-listed old trading port with Dutch/Portuguese colonial buildings around Jonker Street and the Stadthuys, about 2 hours each way from KL — only worth it if you can dedicate a full day, ideally over a weekend evening for the Jonker Street night market.",1
Mari Mari Cultural Village (optional),MY,Malaysia,6.0333,116.1333,"A recreated village near Kota Kinabalu showcasing Sabah's ethnic groups (Kadazan-Dusun, Bajau, Murut, etc.) with demonstrations, traditional food, and a fire-making/blowpipe show. Runs as a half-day tour with set departure times and an early dinner — a good fit for the KK departure-buffer day.",1
Mount Kinabalu,MY,Malaysia,6.0754,116.558,Summit climb permits are capped per day and need to be booked well in advance through a registered operator; standard route is 2 days via Laban Rata with a pre-dawn summit push.,2
Mount Kinabalu (Low's Peak summit),MY,Malaysia,6.0754,116.558,"Southeast Asia's highest peak between the Philippines and New Guinea, climbed over two days via Laban Rata. Climbing permits and mountain-hut beds are strictly capped and sell out months ahead (annual slots open 1 December for the following year), so book through the official Sabah Parks portal as early as possible — ideally 3-6+ months out.",1
Mulu Caves (Gunung Mulu NP),MY,Malaysia,4.0428,114.8144,"Deer Cave's nightly bat exodus (millions of wrinkle-lipped bats, weather-dependent) is the must-time event; the multi-day Pinnacles trek is genuinely strenuous (steep, ropes/ladders) versus the easy showcase caves (Clearwater, Lang).",2
Penang,MY,Malaysia,5.4141,100.3288,"George Town's UNESCO core mixes Peranakan shophouses and clan jetties with a dense street-art trail (Zacharevic murals); go for the hawker food specifically (Gurney Drive, Chulia St, Campbell St night market).",3
Petronas Towers / KLCC,MY,Malaysia,3.1579,101.7116,"Malaysia's iconic 88-story twin towers with a skybridge and observation deck, plus the KLCC park and mall at the base. Book skybridge/observation deck tickets online for a specific time slot in advance — walk-up tickets often sell out — and go near sunset for the tower lighting.",1
Rainforest Discovery Centre,MY,Malaysia,5.8781,117.9464,"A quieter canopy walkway and boardwalk right next to Sepilok, good for birdwatching and treetop views without the orangutan-centre crowds. Go at dawn for the best bird activity; easy to pair with Sepilok the same morning.",1
Semporna,MY,Malaysia,4.4816,118.612,Mainly a jumping-off point/base for boats to Mabul and Sipadan rather than a sight itself — little reason to linger beyond arranging onward diving/island transport.,1
Semporna/Sipadan,MY,Malaysia,4.4816,118.612,"Diving Sipadan itself requires a permit through a licensed operator with a strict daily diver cap, so book well ahead in peak season; Mabul/Kapalai nearby don't need a permit and offer muck diving as an alternative.",2
Sepilok Orang-oetan Centre,MY,Malaysia,5.8742,117.9478,Feedings happen roughly twice daily (~10am and ~3pm) at the platform; the adjacent Bornean Sun Bear Conservation Centre is a worthwhile add-on right next door.,2
Sepilok Orang-utan Rehabilitation Centre,MY,Malaysia,5.8742,117.9478,One of the best places in Borneo to reliably see semi-wild orangutans up close at the feeding platform. Go to the morning feeding (around 10am) rather than the afternoon one — mornings tend to draw more orangutans before the heat sets in.,1
"Sipadan (diving, permit required)",MY,Malaysia,4.1147,118.6289,"One of the world's top dive sites for pelagics, sea turtles, and a famous ""turtle tomb"" cave. Permits are capped at roughly 250-ish/day and allocated to dive operators, so book your resort/operator months ahead; note the island closes completely for diving every November for reef recovery.",1
Bazaruto Archipelago,MZ,Mozambique,-21.65,35.4667,"Known for dhow sailing trips, diving/snorkeling on offshore reefs, and one of the last viable dugong populations in East Africa.",4
Ilha de Moçambique,MZ,Mozambique,-15.0342,40.7358,UNESCO World Heritage Stone Town with the Fort of São Sebastião (oldest European fort in sub-Saharan Africa) and a distinct Swahili-Portuguese architectural mix worth a half-day walking tour.,4
Inhambane,MZ,Mozambique,-23.865,35.3833,"One of the oldest coastal settlements in the country, with a laid-back historic center of colonial-era buildings and a small dhow harbor; more a base/stopover than a destination in itself.",4
Maputo,MZ,Mozambique,-25.9692,32.5732,Worth a walk through the CFM railway station (designed with Eiffel-workshop input) and the central market; the Feira de Artesanato craft market and fresh seafood (peri-peri prawns) are the local highlights.,4
Nampula,MZ,Mozambique,-15.1165,39.2666,Functions mainly as the transport gateway to Ilha de Moçambique; also a center for Makonde wood carving if you want to buy directly from artisans.,4
Tofo,MZ,Mozambique,-23.85,35.55,"A dedicated dive hub known specifically for year-round whale shark and manta ray encounters, drawing scuba travelers from across the region.",4
Damaraland,NA,Namibia,-20.5833,14.5,Home to desert-adapted elephants that have adapted to survive on sparse vegetation and long water-source distances; Twyfelfontein's rock engravings (UNESCO-listed) are among the densest concentrations of ancient rock art in Africa.,3
Etosha NP,NA,Namibia,-18.75,16.3333,"Self-drive is easy and popular here (unlike most parks); several rest camps have floodlit waterholes right at the camp fence, so night-time game viewing from a chair is a signature Etosha experience.",3
Fish River Canyon,NA,Namibia,-27.55,17.6167,The multi-day hiking trail through the canyon floor (roughly 90km) only opens May 1 to mid-September and requires a permit and a medical certificate — outside that window the heat makes it closed/unsafe.,3
Sossusvlei/Namib-Naukluft,NA,Namibia,-24.7333,15.2833,Arrive at sunrise both for the light on the red dunes (Dune 45 is the classic climb) and to beat the heat on the walk out to Deadvlei's dead camel thorn trees.,3
Swakopmund,NA,Namibia,-22.6833,14.5333,Distinctly German colonial architecture on the coast; the main draw is adventure activities — sandboarding and skydiving over the dunes meeting the Atlantic.,3
Windhoek,NA,Namibia,-22.5609,17.0658,German colonial-era landmarks like the Christuskirche and the hilltop Alte Feste sit alongside Katutura township; Joe's Beerhouse is the well-known spot for game-meat dining before heading out on the road.,3
Granada,NI,Nicaragua,11.9344,-85.956,"Colonial center built around a colorful central plaza, with boat tours through Las Isletas (400+ small islands) and Mombacho volcano's cloud-forest trails just outside town.",3
Isla de Ometepe,NI,Nicaragua,11.5167,-85.5833,Twin-volcano island (Concepción and Maderas) formed in Lake Nicaragua; the Ojo de Agua natural spring pool is a popular cool-off stop between volcano hikes.,3
Laguna de Apoyo,NI,Nicaragua,11.9333,-86.0333,"A volcanic crater lake with warm, clear water good for swimming and kayaking; a few lakeside hostels rent equipment directly.",3
León,NI,Nicaragua,12.434,-86.878,"A UNESCO-listed cathedral (the largest in Central America) with a rooftop you can climb for volcano views, plus it's the standard base for volcano boarding down Cerro Negro.",3
Managua,NI,Nicaragua,12.115,-86.2362,Worth a stop mainly for the lakeside Laguna de Tiscapa crater and the old cathedral ruins left from the 1972 earthquake; otherwise most travelers pass through quickly.,3
San Juan del Sur,NI,Nicaragua,11.2529,-85.8703,"A surf-town beach bay known for its Sunday Funday pool-party circuit and the hillside Christ of Mercy statue, a short walk/taxi up for a sunset view over the bay.",3
"Maastricht (Vrijthof, Sint-Pietersberg caves)",NL,Netherlands,50.8514,5.691,"Beyond the Vrijthof square, the Sint-Pietersberg marl caves (Grotten Noord/Zonneberg) are the specific highlight — access is by guided tour only, and weekend slots fill up, so book ahead.",1
Valkenburg (Fluweelengrot cave),NL,Netherlands,50.8642,5.8306,"The Fluweelengrot (""velvet cave"") marl tunnels are the reason to stop here beyond the castle ruins; only visitable via guided tour, and the cave stays cool year-round so bring a layer.",1
Atlantic Ocean Road (Atlanterhavsveien),NO,Norway,63.0206,7.3654,"The Atlantic Ocean Road (Atlanterhavsvegen) is an 8km stretch hopping across small islands via eight bridges, most famously the curving Storseisundet Bridge exposed directly to the open sea. Visiting in rough weather/high swell gives the most dramatic waves-over-the-road photos; stop at the Myrbærholm bridge viewpoint for the classic wide shot of Storseisundet Bridge.",1
Bergen,NO,Norway,60.3959,5.3245,"Bergen's core draw is the UNESCO-listed Bryggen wharf: rows of colorful wooden Hanseatic trading houses right next to the Fisketorget fish market. Go early morning before cruise-ship crowds hit, and walk into the narrow alleys (""boder"") between the houses, which most people passing by on the waterfront skip.",4
Bergen (Bryggen),NO,Norway,60.3959,5.3245,"Bergen's core draw is the UNESCO-listed Bryggen wharf: rows of colorful wooden Hanseatic trading houses right next to the Fisketorget fish market. Go early morning before cruise-ship crowds hit, and walk into the narrow alleys (""boder"") between the houses, which most people passing by on the waterfront skip.",2
Flåm (Flåm Railway),NO,Norway,60.8617,7.1136,"The Flåm Railway (Flåmsbana) is one of the world's steepest standard-gauge railways, dropping 866m over 20km with a scheduled photo-stop at Kjosfossen waterfall. Book seats ahead in peak summer and sit on the right side going down from Myrdal to Flåm for the best waterfall/valley views.",2
Fløyen,NO,Norway,60.3975,5.3401,"Fløyen is Bergen's easy, family-friendly viewpoint, reached by the Fløibanen funicular, with short forest trails and a troll-themed play area at the top. Buy tickets online or arrive right at opening — the ticket line can run 30-45 minutes in summer.",1
Geirangerfjord,NO,Norway,62.1004,7.2062,"Geirangerfjord is Norway's most iconic fjord, a narrow UNESCO corridor with the Seven Sisters and Bridal Veil waterfalls dropping straight into the water. Time the fjord cruise or the Ørnesvingen (""Eagle Road"") viewpoint for early morning — Geiranger is a major cruise-ship port and gets very crowded by midday.",3
Hardangerfjord / Eidfjord (optional extension),NO,Norway,60.4679,7.0708,"Hardangerfjord is known for fruit orchards (blossom best in May) and Vøringsfossen waterfall near Eidfjord, one of Norway's most-visited natural sights with a roughly 180m drop. The newer viewing platforms/bridge give an easy non-hike view — allow 1-2 hours.",1
Kristiansand,NO,Norway,58.1467,7.9956,"Kristiansand is Sørlandet's main city, with the old wooden-house quarter Posebyen and the Kristiansand Dyrepark (zoo/amusement park), Norway's most-visited attraction outside Oslo. Posebyen is a free hour's wander; the Dyrepark needs a half-day and suits families with kids specifically.",1
Kristiansand (Sørlandet coast),NO,Norway,58.1467,7.9956,"Kristiansand is Sørlandet's main city, with the old wooden-house quarter Posebyen and the Kristiansand Dyrepark (zoo/amusement park), Norway's most-visited attraction outside Oslo. Posebyen is a free hour's wander; the Dyrepark needs a half-day and suits families with kids specifically.",1
Lofoten (Svolvær),NO,Norway,68.2341,14.5686,"Jagged peaks rising straight out of the sea around traditional rorbuer fishing cabins and cod-drying racks define the look of Lofoten, and Svolvær is the natural base for it. The Svolværgeita (""goat"") peak and Fløya ridge above town are the classic hikes, but the goat's summit leap is for experienced climbers only — the ridge trail is the accessible version.",3
Longyearbyen,NO,Norway,78.2232,15.6469,"The world's largest settlement this far north, built on a coal-mining economy now shifting toward tourism and Arctic research; the Svalbard Global Seed Vault sits on a hillside just outside town and is visible from outside (not open to visitors). Beyond the block-level guide requirement: even short walks just past the town's signposted boundary count as ""outside town"" for polar bear risk, not just longer excursions.",1
Mandal,NO,Norway,58.0296,7.4593,"Mandal has Sjøsanden, Norway's longest sandy beach (roughly 800m-1km), plus a well-preserved old wooden town center. Avoid July weekends if you can — both the beach and the town's narrow streets get packed with Norwegian domestic holidaymakers.",1
Narvik,NO,Norway,68.4384,17.4272,"Beyond the scenic rail line already noted, Narvik was the site of major WWII naval and land battles for control of its ice-free ore port, covered in depth at the Narvik War Museum. The Fjellheisen cable car climbs above town for wide fjord views and is also a solid aurora-viewing spot when skies are clear.",3
Nordfjord (Olden),NO,Norway,61.8394,6.7961,"Nordfjord/Olden is the gateway to the Jostedalsbreen glacier via the Briksdalsbreen glacier arm, reached by a valley walk (or shuttle ""troll car""). The glacier has retreated significantly in recent years, changing how far the walk to the ice actually is — check the current trail/distance locally rather than assuming an old route.",1
Nordfjord / Stryn,NO,Norway,61.9086,6.7186,"Nordfjord/Olden is the gateway to the Jostedalsbreen glacier via the Briksdalsbreen glacier arm, reached by a valley walk (or shuttle ""troll car""). The glacier has retreated significantly in recent years, changing how far the walk to the ice actually is — check the current trail/distance locally rather than assuming an old route.",1
North Cape (Nordkapp),NO,Norway,71.171,25.7858,"The dramatic 300m cliff plateau is marketed as mainland Europe's northernmost point (technically Knivskjellodden, a nearby headland, edges it out, but has no road access). Weather here is fickle — fog or low cloud often obscures the view, so build in flexibility to visit on a clearer day if the itinerary allows rather than treating it as a fixed one-shot stop.",2
Nærøyfjord,NO,Norway,60.8666,6.8666,"Sognefjord (Norway's longest, 205km) branches into the narrow, cliff-walled Nærøyfjord, the scenic centerpiece of the ""Norway in a Nutshell"" boat leg between Flåm and Gudvangen. Where possible pick the smaller electric boat (Future of the Fjords / Vision of the Fjords) over the standard ferry, and stay on the open top deck for photos even if it's cold.",1
Oslo,NO,Norway,59.9139,10.7522,"Oslo's easiest big free highlight is Vigeland Sculpture Park (open-air, always accessible), paired with the modern waterfront around the Opera House. Skip the Viking Ship Museum for now — it's closed for rebuilding as the ""Museum of the Viking Age"" and not due to reopen until November 2027 — so don't plan a visit around it.",3
Preikestolen (optional detour),NO,Norway,58.9866,6.19,"Preikestolen is a flat cliff plateau 604m above Lysefjorden, reached by a moderate but busy ~8km round-trip hike (4-5 hours). Start before 8-9am in summer to beat both the tour-bus crowds and the packed trailhead parking at Preikestolen Fjellstue.",1
Rjukan,NO,Norway,59.8794,8.5921,"Rjukan sits so deep in its valley that it gets zero direct winter sunlight for about 6 months, which is why the town built ""Solspeilet,"" sun-tracking mirrors on the mountainside that reflect light onto the market square in winter. It's also the WWII heavy-water-sabotage site — visit the Vemork industrial museum (Norsk Industriarbeidermuseum) and allow half a day including the approach drive.",1
Rjukan / Telemark,NO,Norway,59.8794,8.5921,"Rjukan sits so deep in its valley that it gets zero direct winter sunlight for about 6 months, which is why the town built ""Solspeilet,"" sun-tracking mirrors on the mountainside that reflect light onto the market square in winter. It's also the WWII heavy-water-sabotage site — visit the Vemork industrial museum (Norsk Industriarbeidermuseum) and allow half a day including the approach drive.",1
Rondane / Femundsmarka National Park,NO,Norway,61.6167,9.7833,"Rondane, Norway's oldest national park, has rounded peaks (said to have inspired Ibsen's Peer Gynt) and reindeer herds, while Femundsmarka is a quieter forest-and-lakes wilderness bordering Sweden. Both need at least a full day of hiking or canoeing rather than a drive-by stop — pick Rondane for peaks/reindeer, Femundsmarka for remote canoeing and fewer people.",1
Senja,NO,Norway,69.3167,17.5333,"Norway's second-largest island offers scenery as dramatic as Lofoten's with far fewer visitors, strung along the Senja National Tourist Route. The Bergsbotn viewpoint platform and the Segla/Hesten ridge hike are the two standout stops if time only allows a partial drive.",2
Sognefjord (Nærøyfjord/Flåm),NO,Norway,60.8666,6.8666,"Sognefjord (Norway's longest, 205km) branches into the narrow, cliff-walled Nærøyfjord, the scenic centerpiece of the ""Norway in a Nutshell"" boat leg between Flåm and Gudvangen. Where possible pick the smaller electric boat (Future of the Fjords / Vision of the Fjords) over the standard ferry, and stay on the open top deck for photos even if it's cold.",1
Sognefjord / Geirangerfjord,NO,Norway,60.8666,6.8666,"Sognefjord, Norway's longest fjord, branches into the narrow Nærøyfjord (the classic ""Norway in a Nutshell"" boat leg from Flåm) before this route continues north to Geirangerfjord — Norway's most iconic fjord, with the Seven Sisters and Bridal Veil waterfalls dropping straight into the water. Time the Geiranger cruise or Ørnesvingen viewpoint for early morning to beat the cruise-ship crowds.",1
Sognefjord / Nærøyfjord,NO,Norway,60.8666,6.8666,"Sognefjord (Norway's longest, 205km) branches into the narrow, cliff-walled Nærøyfjord, the scenic centerpiece of the ""Norway in a Nutshell"" boat leg between Flåm and Gudvangen. Where possible pick the smaller electric boat (Future of the Fjords / Vision of the Fjords) over the standard ferry, and stay on the open top deck for photos even if it's cold.",3
Svalbard Museum,NO,Norway,78.2199,15.6259,"A compact but well-curated overview of whaling, trapping, coal-mining history and polar bear/Arctic wildlife exhibits, located right in Longyearbyen. Worth about an hour, and best used as an orientation stop early in the Svalbard stay before heading out on excursions.",1
Telemark Canal boat (Dalen),NO,Norway,59.4386,8,"The Telemark Canal is a century-old lock system between Skien and Dalen, sailed by vintage wooden boats like M/S Victoria (1882). These historic boats only run on a set summer schedule (roughly June-August), so check the specific sailing dates before building a stop around it.",1
Trolltunga (optional detour),NO,Norway,60.1242,6.7401,"Trolltunga is a flat rock tongue jutting horizontally over Lake Ringedalsvatnet — one of Norway's most photographed hikes, but a strenuous 27km round trip taking 10-12 hours. Start by 6-7am, bring real gear even in summer, and consider the paid shuttle from Odda to the Skjeggedal trailhead to save about 1.5 hours and avoid the parking crunch.",1
Tromsø,NO,Norway,69.6492,18.9553,"Billed as the ""Gateway to the Arctic,"" it's the best-equipped base on the route for whale-watching boats and aurora tours, with its own cable car (Fjellheisen) up Storsteinen for a quick above-town view. Going up Fjellheisen on a clear night gets you above the town's light pollution without needing a tour.",2
Trondheim,NO,Norway,63.4305,10.3951,"Trondheim's centerpiece is Nidaros Cathedral, Scandinavia's largest medieval building and the traditional coronation/burial church of Norwegian kings. Don't skip the colorful old riverside warehouses (bryggene) along the Nidelva just below the Old Town Bridge — easily missed if you only visit the cathedral.",1
Trondheim (optional),NO,Norway,63.4305,10.3951,"Trondheim's centerpiece is Nidaros Cathedral, Scandinavia's largest medieval building and the traditional coronation/burial church of Norwegian kings. Don't skip the colorful old riverside warehouses (bryggene) along the Nidelva just below the Old Town Bridge — easily missed if you only visit the cathedral.",1
Ulriken,NO,Norway,60.3736,5.3597,"Ulriken, Bergen's highest peak (643m), has its own cable car (Ulriksbanen) and gives a more open, panoramic view than Fløyen. Take the cable car up and hike the ""Vidden"" trail down to Fløyen (about 5-6 hours) if you want a proper hike between the two viewpoints.",1
Voss,NO,Norway,60.6293,6.4152,"Voss is Norway's adventure-sports hub — skydiving, paragliding, whitewater rafting, and the Ekstremsportveko festival — set on a lake between mountains, on the Bergen-fjords rail line. Without a booked activity it's just a convenient stop; budget at most a couple of hours.",1
Ålesund,NO,Norway,62.4722,6.1549,"Ålesund's center was entirely rebuilt in Art Nouveau (Jugendstil) style after an 1904 fire, giving it a uniquely uniform early-1900s townscape along the water and canals. Climb the roughly 400 steps to the Aksla viewpoint (Fjellstua) above downtown for the classic panorama over the islands.",3
Annapurna Region,NP,Nepal,28.5308,83.8797,"Beyond the multi-day treks already covered, Poon Hill (a 3-4 day side trip via Ghorepani) is the classic short trek for a sunrise panorama of Annapurna and Dhaulagiri without committing to the full Base Camp or Circuit routes — worth flagging as the lower-effort option if the full trek doesn't fit the itinerary.",2
Bhaktapur,NP,Nepal,27.671,85.4298,"The best-preserved of the valley's three medieval royal cities, largely car-free, with Durbar Square, Taumadhi Square's five-story Nyatapola Temple, and Pottery Square all on one ticket. Foreigners pay a notably steep entrance fee (confirm on arrival as it drifts), but it's valid for a week on showing your passport, so it's worth timing a visit for the quieter evening light rather than rushing a day trip.",2
Chitwan National Park,NP,Nepal,27.5291,84.3542,"Nepal's best spot to see one-horned rhinos (and, with luck, Bengal tigers) via jeep or canoe safari through sal forest and grassland; foreign visitors pay a separate park entry fee of roughly NPR 2,000 per day on top of any safari tour cost, so budget it per day spent inside the park, not once for the whole visit.",2
Kathmandu,NP,Nepal,27.7172,85.324,"Split a day between three UNESCO sites: Swayambhunath (""Monkey Temple"") for panoramic valley views, Boudhanath's giant stupa for its Tibetan Buddhist quarter, and Pashupatinath's riverside cremation ghats; go to Boudhanath around sunset, when monks and locals circle the stupa with butter lamps.",2
Lumbini,NP,Nepal,27.4833,83.2767,"Buddha's birthplace, centered on the Maya Devi Temple and the Ashoka pillar marking the exact birth spot; set aside a half-day to also walk the surrounding Monastic Zone, where a dozen countries have each built a Buddhist temple in their own national style.",2
Patan,NP,Nepal,27.6588,85.3247,"Its Durbar Square rivals Kathmandu's for Newari palace and temple architecture but draws far fewer crowds; the Patan Museum inside the old Malla palace is widely considered the best-curated collection of Nepali religious art, worth an hour or two on its own.",2
Pokhara,NP,Nepal,28.2096,83.9856,"The lakeside base with the best up-close mountain views on the route — Machapuchare and the Annapurna range reflect in Phewa Lake, and Sarangkot is the classic sunrise viewpoint; also the launch point for Annapurna treks and Nepal's paragliding hub.",2
Abel Tasman,NZ,New Zealand,-40.9333,173,Water taxis let you sample the park's beaches for a day trip without committing to overnight hiking; Split Apple Rock near Kaiteriteri is a popular quick stop en route.,3
Auckland,NZ,New Zealand,-36.8485,174.7633,"Built across dozens of extinct volcanic cones (Mt Eden/Maungawhau, One Tree Hill) that you can walk up for free — no ticket needed — for harbour views; it's the ""City of Sails"" with a harbour on each side.",3
Bay of Islands,NZ,New Zealand,-35.2667,174.1167,"Waitangi Treaty Grounds is New Zealand's most significant historic site (where the founding treaty was signed in 1840); the ""Hole in the Rock"" cruise to Piercy Island is the classic boat trip.",3
Christchurch,NZ,New Zealand,-43.5321,172.6362,"The Cardboard Cathedral (Transitional Cathedral), built after the 2011 earthquake destroyed the original ChristChurch Cathedral, is a striking symbol of the rebuild and worth a quick stop in the centre.",3
Coromandel,NZ,New Zealand,-36.7614,175.4972,"Cathedral Cove's main track reopened in late January 2026 after repeated weather-driven closures, but it now closes automatically at short notice under an orange/red weather warning, so check DOC's status the day of; Hot Water Beach only works at low tide, when you can dig your own spa pool in the sand.",3
Dunedin & Catlins,NZ,New Zealand,-45.8788,170.5028,"The Catlins' Cathedral Caves are tide-gated and only open late October–May, accessible roughly 2 hours either side of low tide — check the current opening times before detouring; in Dunedin, the Royal Albatross Centre at Taiaroa Head is the world's only mainland-accessible albatross breeding colony.",3
Franz Josef & Fox Glaciers,NZ,New Zealand,-43.4667,170.1667,Ground access to both glacier faces is closed — a 2019 landslide wrecked the Fox Glacier approach road and it can't be rebuilt (still moving) — so a heli-hike (~NZD 750–900pp) is now the only way to actually stand on the ice; valley walks only get you a distant view of the terminus.,3
Kaikoura,NZ,New Zealand,-42.4,173.6817,"Whale watching here targets resident sperm whales year-round thanks to a deep offshore canyon close to shore, but tours are frequently cancelled/rescheduled for swell — build in a spare day if seeing them matters.",3
Milford Sound & Fiordland,NZ,New Zealand,-44.6714,167.925,"Take the first morning cruise departure if you can — tour buses converge mid-morning and the sound is calmer and less crowded at dawn; it's also one of the wettest inhabited places on Earth, and rain actually multiplies the waterfalls rather than ruining the visit.",3
Queenstown,NZ,New Zealand,-45.0312,168.6626,"Kawarau Bridge just outside town is the birthplace of commercial bungy jumping (AJ Hackett, 1988); Fergburger in the centre is famous but expect a long queue at almost any hour.",3
Rotorua,NZ,New Zealand,-38.1368,176.2497,"The sulphur smell from geothermal activity is constant around town (locals call it ""Rotovegas""); Whakarewarewa Forest's Redwoods Treewalk is a good pick if you want scenery without a culture-park or geothermal-park visit.",3
Tongariro Alpine Crossing,NZ,New Zealand,-39.1333,175.6333,"It's a one-way track, so you need a shuttle to the start and a different one from the end car park — book transport in advance; the side trip up Mt Ngauruhoe (""Mount Doom"") adds real time and a loose scree slog.",3
Wellington,NZ,New Zealand,-41.2865,174.7762,"Te Papa, the national museum, is free to enter and one of the best in the country; the city is famously windy (""Windy Wellington"") so pack a real jacket even in summer.",3
Jebel Shams,OM,Oman,23.2394,57.2661,"Known as ""Oman's Grand Canyon"" — the Balcony Walk trail along the canyon rim is the specific hike people come for.",3
Muscat,OM,Oman,23.588,58.3829,Sultan Qaboos Grand Mosque (distinct from Bahrain's Al Fateh) is open to non-Muslim visitors mornings only and has a dress code; Mutrah Souq and the corniche are the other core stop.,3
Nizwa,OM,Oman,22.9333,57.5333,"Nizwa Fort is the main sight; the Friday morning livestock/goat market is a genuine local event worth timing your visit around, not a staged tourist show.",3
Wahiba Sands,OM,Oman,22.0667,58.5,Desert camps here offer dune-driving and overnight stays with Bedouin hosts; a 4x4 (not the rental sedan used elsewhere) is genuinely necessary for this stretch.,3
Bocas del Toro,PA,Panama,9.34,-82.24,"Archipelago town base for island-hopping by boat; Red Frog Beach and Isla Zapatilla are the standout day-trip spots, and there's a solid surf and backpacker-bar scene.",3
Boquete,PA,Panama,8.7833,-82.4333,"Highland coffee town in Panama's Chiriquí region, known for Geisha-variety coffee tours and the pre-dawn hike up Volcán Barú, the only spot in Panama where you can (on a clear day) see both the Pacific and Caribbean at once.",3
Casco Viejo,PA,Panama,8.9515,-79.5346,"Panama City's restored colonial old quarter, UNESCO-listed, with rooftop bars overlooking the skyline and a much more walkable, historic feel than the modern city center nearby.",3
Panama Canal,PA,Panama,9.08,-79.68,The Miraflores Locks visitor center has viewing decks timed around ship transits plus a small museum; check the day's expected transit schedule since ships don't pass continuously.,3
Panama City,PA,Panama,8.9824,-79.5199,"Modern skyline along the bay, with the Amador Causeway good for biking/sunset views and the Biomuseo (Frank Gehry-designed) covering the isthmus's ecological history.",3
San Blas Islands,PA,Panama,9.5667,-78.95,"Autonomous Guna Yala indigenous territory made up of hundreds of small islands; Guna women's mola textile art is the signature craft/souvenir, sold directly on most inhabited islands.",3
Aguas Calientes,PE,Peru,-13.1547,-72.5254,"Purely a functional base town for Machu Picchu access — the hot springs themselves are small and touristy, worth a soak only if you have a spare evening, not a destination in their own right.",1
Arequipa,PE,Peru,-16.409,-71.5375,"Built largely from white volcanic sillar stone, giving the colonial center its nickname ""the White City""; Colca Canyon nearby is one of the best places in the world to see Andean condors soaring at close range (best early morning).",3
Chinchero / Moray / Salineras,PE,Peru,-13.3833,-72.05,"Moray's mysterious concentric farming terraces, the cascading Salineras de Maras salt pans, and Chinchero's Sunday market and weaving demonstrations make a good half-day loop by car; visit Salineras before midday when the sun best lights the salt pools.",1
Cusco & Sacred Valley,PE,Peru,-13.532,-71.9675,"Beyond Machu Picchu itself, Sacsayhuamán's massive Inca stonework overlooks Cusco, and Ollantaytambo in the Sacred Valley is a still-inhabited Inca town with its own ruins — also a good place to acclimatize to altitude before trekking.",3
"Cusco (Sacsayhuamán, Qorikancha)",PE,Peru,-13.532,-71.9675,"Sacsayhuamán's massive polygonal Inca stone walls (some blocks over 100 tons) and Qorikancha's sun temple (with a colonial church built directly on top) are the city's two best examples of Inca engineering; buy the boleto turístico covering both, and visit Sacsayhuamán late afternoon for soft light and thinner crowds.",1
Huaraz,PE,Peru,-9.5278,-77.5278,"Base for trekking the Cordillera Blanca — Laguna 69 (turquoise glacial lake day-hike) is the classic, plus multi-day treks like Santa Cruz.",3
Ica & Huacachina,PE,Peru,-14.0678,-75.7286,"A palm-ringed desert oasis lagoon surrounded by massive dunes — sandboarding and dune-buggy rides are the main activity, done at sunset for cooler temps and light.",3
Lima,PE,Peru,-12.0464,-77.0428,"Miraflores and bohemian Barranco are the neighborhoods to base in; the food scene (ceviche, world-class restaurants) and the Larco Museum (pre-Columbian art, including its erotic pottery gallery) stand out.",3
"Lima (arrival, transit only)",PE,Peru,-12.0464,-77.0428,"Just an overnight arrival buffer before flying to Cusco — Lima sightseeing is currently skipped due to a local crime advisory, so treat it as a place to sleep and rest, not a stop to explore.",1
Machu Picchu,PE,Peru,-13.1631,-72.545,"The Inca citadel needs no introduction; 2026 entry runs on a strict phased-release circuit system (four routes, hourly slots, max 4-hour visit, no re-entry) — book your specific circuit and entry time 3-4 months ahead for a June-August visit, and take the earliest slot for fewer crowds and better odds of clear skies.",1
Máncora,PE,Peru,-4.1075,-81.05,A laid-back desert-coast surf town with the best consistent waves in Peru and a beach-party nightlife scene.,3
Ollantaytambo,PE,Peru,-13.2585,-72.2632,"The best-preserved living Inca town in Peru — houses still sit on original Inca foundations, and terraced fortress ruins tower above the plaza; climb the free Pinkuylluna granaries across the valley at sunrise for a crowd-free view over the whole site.",1
Pisac (market),PE,Peru,-13.4271,-71.8465,"The Sunday market is the big draw for textiles and produce, but don't skip the sprawling Inca ruins terracing the hillside above town — go early morning by taxi/colectivo before tour buses arrive around midday.",1
Puno (Lake Titicaca),PE,Peru,-15.8402,-70.0219,"The Uros people's man-made floating reed islands are the signature visit, and Taquile Island (traditional weaving, a short boat ride further out) is a quieter add-on.",3
Taquile Island,PE,Peru,-15.7833,-69.6833,"A car-free island famous for its UNESCO-listed textile weaving tradition, with terraced paths and wide Titicaca views; it's a full day (3-4hr boat each way from Puno), so bring cash for the community-cooked lunch and sturdy shoes for the hillside walk.",1
Uros floating islands,PE,Peru,-15.82,-69.98,"Manmade reed islands where Aymara families still live, though the visit is short and heavily set up for tour groups — take an early morning boat from Puno to beat the biggest groups and keep expectations realistic about how ""untouched"" it feels.",1
Banaue,PH,Philippines,16.9166,121.0562,"The Ifugao rice terraces (Banaue proper plus the more photogenic Batad amphitheater a side-trip away) are 2,000+ years old and hand-built without machinery.",3
Bohol,PH,Philippines,9.6474,123.8536,Chocolate Hills (over a thousand cone-shaped mounds that brown off in dry season) plus the Corella tarsier sanctuary for the small nocturnal primates.,3
Cebu,PH,Philippines,10.3157,123.8854,"Oslob's whale shark encounters involve provisioning/feeding the sharks, which is controversial among marine biologists over behavioral effects — go in with that context if choosing whether to do it; Kawasan Falls canyoneering is a separate, unrelated highlight.",3
Coron,PH,Philippines,12.0083,120.2036,"Known specifically for WWII Japanese shipwreck wreck-diving/snorkeling sites, distinct from El Nido's lagoon focus; Kayangan Lake is the classic non-diving stop.",3
El Nido,PH,Philippines,11.1949,119.4079,Island-hopping is organized into standard lettered tours (A–D) covering different lagoons/beaches — pick based on which lagoons you want rather than booking blind.,3
Manila,PH,Philippines,14.5995,120.9842,Intramuros (the walled Spanish colonial old town) is the historic core; traffic is severe enough that cross-city transfers should be budgeted generously.,3
Siargao,PH,Philippines,9.7897,126.1578,Cloud 9 is the famous surf break and the reason the island became the Philippines' surf hub; best swell is roughly Aug–Nov.,3
Sudetes (optional),PL,Poland,50.75,15.7333,"Karkonosze National Park's Śnieżka (1,603m) is the high point, straddling the Polish-Czech border with a chapel and weather station on top; a chairlift from Karpacz covers most of the ascent for those who don't want the full hike.",1
Wrocław,PL,Poland,51.1079,17.0385,"Beyond the market square, Ostrów Tumski (Cathedral Island) is worth walking at dusk when its gas lamps are lit by hand; the city's 600+ scattered gnome statues make for a fun, low-effort scavenger hunt between sights.",4
25 Fontes / Caldeirão Verde levada walk,PT,Portugal,32.7681,-17.1364,"Two of Madeira's classic levada (irrigation-channel) trails: 25 Fontes ends at a pool fed by dozens of small waterfalls (~11km round trip from Rabaçal, ~4hrs); Caldeirão Verde passes through several unlit tunnels to a waterfall (bring a rain layer/headtorch, gets wet and cold in the tunnels). Start early — both get busy with tour groups by midday.",2
Alfama,PT,Portugal,38.7139,-9.1301,"Lisbon's oldest neighborhood, the only district to largely survive the 1755 earthquake — a maze of narrow medieval alleys below São Jorge Castle and the historic home of Fado. Go early morning to see it before tour groups arrive, or catch a live Fado set in one of the small tascas in the evening.",3
Algar do Carvão (lava cave),PT,Portugal,38.7328,-27.2166,"A walk-down volcanic chimney/lava cave on Terceira, notable for a natural skylight overhead that lets ferns and moss grow deep inside, plus a small lake at the bottom and unusual silica ""stalactite"" formations rare in a basaltic cave. Access has been unstable through 2026 due to on-site construction — confirm current opening days/hours locally before planning around it.",2
Algarve / Lagos,PT,Portugal,37.1021,-8.6743,"The western Algarve's main base town, with a historic old town (former Slave Market site) and easy access to the region's cliffs and beaches. Use it as a base and book a boat trip from the marina to see the coastline rather than trying to drive to every cove.",3
Angra do Heroísmo (UNESCO old town),PT,Portugal,38.6559,-27.2158,"Terceira's UNESCO-listed old town, rebuilt in a grid after a devastating 1980 earthquake but keeping its 16th-18th century colonial-era streetscape and colorful facades. Climb Monte Brasil (the volcanic promontory guarding the bay) for the best overview of the town and harbour together.",2
Belém Tower,PT,Portugal,38.6916,-9.216,"A 16th-century fortified Manueline tower marking the Tagus's edge, built to guard the harbor during the Age of Discoveries and paired with nearby Jerónimos Monastery. Its narrow spiral staircase limits how many people can be inside at once, so queues build fast — buy a timed ticket online or arrive right at opening.",3
Benagil (sea cave),PT,Portugal,37.0889,-8.4271,"The famous Algarve sea cave with a circular skylight opening, reachable only by boat, guided kayak or guided SUP. As of 2026, swimming into the cave and unguided landing on its sand are banned (fines apply) — book a licensed boat or guided kayak/SUP tour, and expect only 5-10 minutes inside.",1
Braga (Bom Jesus do Monte),PT,Portugal,41.5519,-8.3789,"Baroque pilgrimage sanctuary on a wooded hill, famous for its zigzagging Via Sacra staircase lined with allegorical fountains. Climb the stairs (about 20 min) or ride the 1882 water-counterweight funicular — one of the oldest of its kind still running — then add Braga's old town center to fill the day.",1
"Braga (Bom Jesus do Monte, day trip)",PT,Portugal,41.5519,-8.3789,"Baroque pilgrimage sanctuary on a wooded hill, famous for its zigzagging Via Sacra staircase lined with allegorical fountains. Climb the stairs (about 20 min) or ride the 1882 water-counterweight funicular — one of the oldest of its kind still running — then add Braga's old town center to fill the day.",2
Bucelas (optional wine detour),PT,Portugal,38.9167,-9.1167,"A small wine region just north of Lisbon known for crisp, high-acid white wines from the Arinto grape. An easy under-30-minute day trip from Lisbon — visit a small quinta for an uncrowded tasting.",1
Cabo da Roca,PT,Portugal,38.7811,-9.4986,"Continental Europe's westernmost point, with sheer Atlantic cliffs and a lighthouse; just a 20-30 minute stop, easily combined with Sintra on bus 403 between Sintra and Cascais.",1
Carvoeiro,PT,Portugal,37.0968,-8.4747,"A small cliff-top Algarve beach town with the striking Algar Seco rock formations just east of the village. The tiny beach fills up fast in summer, so go early or visit Algar Seco instead for space.",1
Cascais,PT,Portugal,38.6979,-9.4215,"A former fishing village turned upscale beach resort near Lisbon, worth it for its marina/old town and the dramatic sea-blowhole Boca do Inferno just outside town; easy 40-minute train from Cais do Sodré, and renting a bike for the coastal path to Guincho beach is the best use of an afternoon.",1
Castelo de São Jorge,PT,Portugal,38.7139,-9.1335,"A hilltop Moorish castle whose real appeal is the panoramic view over Alfama's rooftops and the Tagus, plus peacocks roaming the ramparts; go late afternoon for the best light and thinner crowds, and buy the ticket online to skip the entrance line.",1
Coimbra,PT,Portugal,40.2076,-8.4257,"Home to Portugal's oldest university and the gilded Biblioteca Joanina, set in a hilltop old town over the Mondego river. The library is timed-entry only (20-minute slots, ticket = your entry time) — book online in advance, as slots sell out on busy days.",1
Coimbra (University + Biblioteca Joanina),PT,Portugal,40.2076,-8.4257,"Home to Portugal's oldest university and the gilded Biblioteca Joanina, set in a hilltop old town over the Mondego river. The library is timed-entry only (20-minute slots, ticket = your entry time) — book online in advance, as slots sell out on busy days.",1
Coimbra (brief stop),PT,Portugal,40.2076,-8.4257,"Home to Portugal's oldest university and the gilded Biblioteca Joanina, set in a hilltop old town over the Mondego river. The library is timed-entry only (20-minute slots, ticket = your entry time) — book online in advance, as slots sell out on busy days.",1
"Colares (optional wine detour, near Sintra)",PT,Portugal,38.8,-9.4453,"A tiny coastal wine region near Sintra known for old, ungrafted vines grown directly in sandy dunes (one of the few areas phylloxera never reached). Visit the Adega Regional de Colares co-op for tastings and pair it with a stop at nearby Praia Grande.",1
Dom Luís I Bridge,PT,Portugal,41.1394,-8.6089,"Porto's two-tier iron bridge (built by a disciple of Eiffel) linking Ribeira to Vila Nova de Gaia, with the best skyline view in the city. Walk the free upper pedestrian/metro deck near sunset for the classic view over the port-wine cellars and river.",1
Faro (Ria Formosa),PT,Portugal,37.0194,-7.9304,"Faro town itself is a modest gateway — the real draw is the Ria Formosa, a lagoon system of barrier islands and salt marshes just offshore. Take a boat out to Ilha Deserta or Culatra for near-empty beaches rather than judging the area by Faro's town center.",3
Foz do Douro,PT,Portugal,41.1494,-8.6789,"Porto's seafront district where the Douro meets the Atlantic, with a lighthouse (Farol de Felgueiras) and a long oceanfront promenade. Walk or cycle the boardwalk from Foz to Matosinhos in the late afternoon for sunset over the water.",1
"Funchal (old town, Mercado dos Lavradores)",PT,Portugal,32.6474,-16.9068,"The old town's Rua de Santa Maria ""painted doors"" project is worth a wander, and the Mercado dos Lavradores market is genuinely full of exotic fruit, flower and fish stalls, not a tourist trap. Go in the morning (Fri/Sat busiest with locals) when produce is freshest.",2
"Furnas (thermal springs, cozido)",PT,Portugal,37.7847,-25.3208,"Known for its hot springs and for cozido das Furnas, a meat-and-vegetable stew slow-cooked for hours in pots buried in the geothermally heated ground, traditionally ordered ahead so it's ready at lunchtime. Pair it with a soak in Terra Nostra Park's iron-orange thermal pool, which stains light swimwear so bring a dark/old suit.",3
Guimarães (Paço dos Duques),PT,Portugal,41.4419,-8.2918,"Considered the ""birthplace of Portugal"" — the 15th-century Ducal Palace and the adjoining hilltop castle where the first king was reputedly born. A half day covers palace, castle and the medieval old town; fast train from Porto is about an hour.",1
"Guimarães (Paço dos Duques, day trip)",PT,Portugal,41.4419,-8.2918,"Considered the ""birthplace of Portugal"" — the 15th-century Ducal Palace and the adjoining hilltop castle where the first king was reputedly born. A half day covers palace, castle and the medieval old town; fast train from Porto is about an hour.",2
"Horta (Faial, whaling heritage)",PT,Portugal,38.5347,-28.6328,"The marina is a living tradition: transiting sailors paint murals on the harbour wall for good luck, built up over decades into an open-air gallery, and Peter Café Sport nearby is the legendary yachtie meeting spot with a scrimshaw (whale-bone/tooth carving) museum upstairs. Worth an hour just walking the mural-covered breakwater before or after dinner.",1
Jerónimos Monastery,PT,Portugal,38.6979,-9.2068,"The Manueline-style monastery next to Belém Tower, holding Vasco da Gama's tomb and an intricately carved cloister; buy a combined ticket online with Belém Tower and arrive right at opening to beat the tour-bus crowds.",1
Lagos (Ponta da Piedade),PT,Portugal,37.0836,-8.6698,"Dramatic golden limestone cliffs riddled with arches and sea grottoes at Lagos's southern tip. The clifftop viewpoint is only the preview — a kayak or small-boat tour (or a sunset run) gets you into the grottoes at water level, which is the actual highlight.",3
Linhares da Beira,PT,Portugal,40.4014,-7.5033,"A small, little-visited granite village of narrow lanes below a well-preserved 13th-century hilltop castle with sweeping valley views; climb to the castle walls at golden hour for the view over the terraced valley.",1
Lisbon (Baixa),PT,Portugal,38.7107,-9.1366,"The flat neoclassical grid rebuilt after the 1755 earthquake, centered on riverside Praça do Comércio and Rossio square — it's the hub connecting Alfama and Bairro Alto, not a destination in itself. Ride the Elevador de Santa Justa or walk up to a miradouro rather than staying on the flat grid, since Baixa is the least distinctive part of central Lisbon by design.",8
Livraria Lello,PT,Portugal,41.1467,-8.6146,"Porto's ornate 1906 Art Nouveau bookshop with a carved wooden staircase and stained-glass skylight, long rumored to have inspired J.K. Rowling. Book a timed ticket online in advance (from about €10, redeemable against a book) — you cannot just walk in, and slots sell out in high season.",1
Madalena (Pico ferry port),PT,Portugal,38.5372,-28.5297,"The small ferry port facing Faial across the channel, backed by Pico's UNESCO-listed vineyard landscape — grids of black lava-rock walls (""currais"") built to shield vines from wind and salt spray. Worth pausing here before/after the ferry to walk a stretch of the vineyard paths near town rather than just passing through.",1
Manteigas (base),PT,Portugal,40.3958,-7.5406,"Small stone-built town in the glacial Zêzere valley, the most convenient base for Serra da Estrela's trails and the Poço do Inferno waterfall; pick it over Seia if you want to be closer to the high mountain roads.",1
Matosinhos,PT,Portugal,41.1815,-8.6893,"Porto's fishing/seafood suburb, famous for grilled sardines and fresh catch. Eat lunch at one of the grilled-fish restaurants near the market rather than in central Porto — cheaper and fresher.",1
Monserrate (optional),PT,Portugal,38.7908,-9.4193,"A lesser-visited Romantic-era palace with an exceptional botanical garden (huge fern valleys, exotic trees), a good escape from Pena Palace's crowds; allow 1.5 hours and go if you want gardens over palace interiors.",1
"Monte (cable car, Monte Palace Gardens)",PT,Portugal,32.6801,-16.9054,"Take the cable car up from Funchal, then the famous move is riding one of the wicker toboggans (carreiros do Monte) back down the hill — a genuinely old form of transport, not just a gimmick. Costs roughly €30 for two people (cash), and pair it with the Monte Palace Tropical Gardens (separate ~€12-13 entry) if you have time.",2
Nazaré,PT,Portugal,39.6014,-9.0714,A Portuguese fishing town famous for the world's biggest surfable waves at Praia do Norte. Visit October-March for a chance at giant swell (watch safely from the Miradouro do Suberco by the lighthouse); in summer it's just a normal beach town.,2
Peso da Régua,PT,Portugal,41.1621,-7.7871,"The historic town where port wine was traditionally shipped down the Douro, and the main rail hub for the scenic Douro line. Visit the Museu do Douro on the riverfront, and use the town as the practical base for boarding the train to Pinhão.",1
Pico volcano climb (optional),PT,Portugal,38.4667,-28.3978,"Portugal's actual highest point (2,351m); the reward beyond the permit/guide logistics is standing above the cloud layer at a small secondary crater near the summit. Most guided climbs start pre-dawn to reach the top for sunrise and to finish the roughly 7-8 hour round trip before afternoon cloud/wind builds.",1
"Pinhão (Douro Valley, 2-3 nights)",PT,Portugal,41.1897,-7.5461,"The terraced port-wine vineyard heartland along the Douro, centered on the small riverside town of Pinhão with its azulejo-covered train station. Ride the scenic Linha do Douro train from Porto (or Régua) to Pinhão, or take a river cruise, and pair it with a quinta tasting — allocate a full day.",1
"Pinhão (Douro Valley, lighter stop)",PT,Portugal,41.1897,-7.5461,"The terraced port-wine vineyard heartland along the Douro, centered on the small riverside town of Pinhão with its azulejo-covered train station. Ride the scenic Linha do Douro train from Porto (or Régua) to Pinhão, or take a river cruise, and pair it with a quinta tasting — allocate a full day.",1
Pinhão (Douro day trip),PT,Portugal,41.1897,-7.5461,"The terraced port-wine vineyard heartland along the Douro, centered on the small riverside town of Pinhão with its azulejo-covered train station. Ride the scenic Linha do Douro train from Porto (or Régua) to Pinhão, or take a river cruise, and pair it with a quinta tasting — allocate a full day.",2
Piódão,PT,Portugal,40.2039,-7.7228,"An isolated schist village of dark stone houses with slate roofs stacked into a steep valley in the Serra do Açor, one of Portugal's official ""aldeias históricas""; arrive early or stay overnight, since the single approach road and small square clog with day-trip traffic by midday.",1
"Ponta Delgada (town, harbour)",PT,Portugal,37.7412,-25.6756,"The main town's charm is compact and walkable: the black-and-white basalt ""calçada"" streets, the 18th-century Portas da Cidade (city gates) marking the old harbour entrance, and the São Francisco convent/church cluster. Half a day covers the historic core on foot; most whale-watching boats and airport transfers also originate here, so it doubles as your logistics base rather than a standalone sight.",3
Ponte de Lima (optional),PT,Portugal,41.77,-8.5833,"Portugal's oldest chartered town, centered on a Roman/medieval bridge over the Lima river and a riverside promenade; if your dates align, visiting on the Feira Quinzenal (a biweekly market held every second Monday on the riverbank, running since medieval times) is the single best reason to time a visit here.",1
Portimão,PT,Portugal,37.1393,-8.5378,An Algarve coastal town centered on its marina and the long Praia da Rocha beach beneath sandstone cliffs. Boat trips to the coastal caves depart from the marina — book a morning slot for calmer water.,1
Porto,PT,Portugal,41.1405,-8.6118,"Porto's riverside old quarter — tiered, colorful facades along the Douro, narrow medieval lanes behind. Walk (or wait for a tram) across the upper deck of the Dom Luís I bridge to Gaia for the classic elevated view back over the Ribeira, best at golden hour.",3
Porto (Ribeira),PT,Portugal,41.1405,-8.6118,"Porto's riverside old quarter — tiered, colorful facades along the Douro, narrow medieval lanes behind. Walk (or wait for a tram) across the upper deck of the Dom Luís I bridge to Gaia for the classic elevated view back over the Ribeira, best at golden hour.",5
Porto (Vila Nova de Gaia),PT,Portugal,41.1333,-8.6111,"Across the river from Porto, home to the historic port lodges (Taylor's, Graham's, Calém, Ferreira). Book a cellar tour with tasting ahead in summer, and time it to end at Taylor's or Graham's terrace for sunset over the Ribeira skyline.",1
Porto Moniz (natural lava pools),PT,Portugal,32.8607,-17.1706,"Natural volcanic lava pools right on the coast that you can swim in. Go earlier in the day before tour buses arrive, and note the pools close when the sea is too rough — check conditions if it's windy.",2
Poço do Inferno waterfall,PT,Portugal,40.3477,-7.5765,"A roughly 10m waterfall dropping into a granite pool in a wooded gorge near Manteigas, reached via a short, easy walk from a small parking area; visit outside peak summer weekends when the pool fills with local swimmers.",1
Praia Dona Ana,PT,Portugal,37.0906,-8.6689,"A small, famous Algarve beach near Lagos framed by golden cliffs and rock arches. Arrive early morning in summer to get sand space, and combine with a walk to nearby Ponta da Piedade.",1
Quinta da Regaleira,PT,Portugal,38.7969,-9.3969,"An eccentric Romantic-era estate whose famous ""Initiation Well"" spiral staircase and underground tunnels are the actual highlight, not the palace itself; allow 2 hours, book a timed skip-line ticket online since it sells out on peak days.",1
Sabugueiro,PT,Portugal,40.3625,-7.6069,"Mainland Portugal's highest village, in the Serra da Estrela. A quick stop for shopping at its shops selling local smoked meats and cheese — 20-30 minutes is enough.",1
Sabugueiro (highest village),PT,Portugal,40.3625,-7.6069,"Mainland Portugal's highest village, in the Serra da Estrela. A quick stop for shopping at its shops selling local smoked meats and cheese — 20-30 minutes is enough.",1
Sagres / Cabo de São Vicente,PT,Portugal,37.0206,-8.9773,"Continental Europe's southwesternmost point, considered the ""end of the known world"" in medieval times and tied to Henry the Navigator's school of navigation. Go for sunset (among the last places in mainland Europe to see it), but bring a windbreaker — the headland is exposed and reliably windy.",2
Seia (alternative base),PT,Portugal,40.4189,-7.7028,"Larger, lower-altitude Serra da Estrela gateway town with a small Museu do Pão (bread museum) worth a quick stop; more services/lodging than Manteigas but a longer drive up into the park.",1
Seixal,PT,Portugal,32.8283,-17.05,A quieter black-sand-beach village with its own natural pools and a nice viewpoint over terraced vineyards — the low-key alternative to Porto Moniz if that one's crowded.,2
Serra da Estrela (Torre),PT,Portugal,40.332,-7.6108,"Mainland Portugal's highest point, with a small, commercialized ski/snow area at the summit (roughly December-March, snow unreliable). Go early to beat the tour buses and souvenir crowds at the top, and check road conditions if visiting in winter.",1
Serralves,PT,Portugal,41.1596,-8.6644,"Porto's modern art museum, Art Deco villa, and extensive gardens. Even skipping the museum, the gardens alone justify a visit — allocate at least half a day.",1
Sete Cidades (crater lakes),PT,Portugal,37.8656,-25.7847,"A single volcanic caldera holding two adjacent lakes of strikingly different color (the ""blue"" and ""green"" lakes), best appreciated from above rather than lakeside. Go to the Vista do Rei viewpoint in the morning before clouds roll in, since the caldera fills with mist by early afternoon on many days.",3
Silves (castle),PT,Portugal,37.1889,-8.4386,"The former Moorish capital of the Algarve, its red sandstone castle ringing the hilltop old town. Visit in the morning before the heat and walk the full circuit of ramparts for views over the Arade valley.",1
Sintra (Palace of Pena),PT,Portugal,38.7876,-9.3905,"A candy-colored Romanticist palace atop a forested hilltop, mixing Gothic, Islamic and Manueline styles at the whim of King Ferdinand II — the standout of Sintra's several palaces. Book a timed-entry ticket online and arrive by 8-9am opening, since day-tripping tour buses from Lisbon fill the site and the shuttle/entrance queues get very long by mid-morning.",6
São Leonardo da Galafura viewpoint,PT,Portugal,41.1584,-7.6229,"A classic panoramic viewpoint over the Douro Valley's terraced vineyard slopes, near Peso da Régua. Go early morning or late afternoon for the best raking light on the terraces; it's a quick detour off the N222.",1
São Vicente,PT,Portugal,32.7986,-17.0486,The specific reason to stop is the Grutas de São Vicente (volcanic lava caves) with a short guided tour (~45 min) through the Volcanism Interpretation Center — otherwise it's just a pass-through village on the north coast loop.,2
Sé do Porto (cathedral),PT,Portugal,41.1436,-8.6109,A fortress-like Romanesque cathedral with a Gothic cloister covered in 18th-century azulejo tiles. Pay the small cloister fee and step onto the terrace outside for one of the best free viewpoints over Ribeira.,1
Tavira,PT,Portugal,37.1258,-7.6486,"An elegant, less touristy eastern Algarve town on the Gilão river with a Roman-origin bridge. Take the short ferry across to Ilha de Tavira for a quieter beach than the western Algarve's.",1
Torre (highest point of mainland Portugal),PT,Portugal,40.332,-7.6108,"Mainland Portugal's highest point, with a small, commercialized ski/snow area at the summit (roughly December-March, snow unreliable). Go early to beat the tour buses and souvenir crowds at the top, and check road conditions if visiting in winter.",1
Viana do Castelo (Santa Luzia viewpoint),PT,Portugal,41.6932,-8.8327,Hilltop basilica with a sweeping panorama over the Lima river estuary and Atlantic coastline. Take the funicular up (or the 20-min walk) and go late afternoon when the light hits the river mouth.,3
Vila Baleira / Porto Santo golden beach,PT,Portugal,33.0642,-16.3439,Porto Santo's whole appeal versus Madeira is its ~9km stretch of actual golden sand (Madeira's beaches are volcanic black sand). Reached by ferry (~2h15 from Funchal) or a short flight; the Ponta da Calheta end of the beach is quieter than the stretch right by Vila Baleira town.,1
Vila Nova de Gaia (port wine cellars),PT,Portugal,41.1333,-8.6111,"Across the river from Porto, home to the historic port lodges (Taylor's, Graham's, Calém, Ferreira). Book a cellar tour with tasting ahead in summer, and time it to end at Taylor's or Graham's terrace for sunset over the Ribeira skyline.",3
Évora (Roman Temple + Chapel of Bones),PT,Portugal,38.5714,-7.9086,A UNESCO-listed Alentejo city with a well-preserved Roman Temple of Diana and the unsettling Capela dos Ossos lined with human bones and skulls. Go early morning to see the Chapel of Bones before Lisbon day-trip tour groups arrive.,1
Óbidos,PT,Portugal,39.3604,-9.1571,"A small walled medieval hilltop town north of Lisbon. Walk the unguarded town walls for free (no barriers, so watch your footing) and try ginjinha liqueur served in an edible chocolate cup from a street stall.",2
Doha,QA,Qatar,25.2854,51.531,"The Museum of Islamic Art (designed by I.M. Pei) is the specific cultural anchor; pair it with the Souq Waqif and the modern skyline view from the Corniche for the old/new contrast that fits the ""modern finale"" theme.",3
Bran Castle,RO,Romania,45.5149,25.3673,"White turreted castle on a rock, marketed as ""Dracula's Castle"" though the real link is thin (Vlad the Impaler likely never stayed here); go right at opening (8am) or late afternoon to beat the tour-bus crowds that peak midday.",6
Brașov,RO,Romania,45.6427,25.5887,"Medieval old town centered on Council Square and the Gothic Black Church, with a cable car up Tampa mountain for a skyline view over the rooftops.",8
Bucegi Mountains,RO,Romania,45.4167,25.4667,"Carpathian massif with the Babele rock formations and the Sphinx, reachable by cable car from Bușteni instead of the long hike up; weather turns fast at altitude, so check forecasts and bring layers even in summer.",1
Bucharest,RO,Romania,44.4268,26.1025,"Capital mixing Belle Époque boulevards (Calea Victoriei, the Athenaeum) with the communist-era Palace of Parliament, the world's heaviest building; book a Palace of Parliament tour in advance and bring ID, as walk-up access is limited.",5
Danube Delta (Tulcea),RO,Romania,45.1667,28.8,"Europe's largest river delta, a wetland maze of channels and reed beds that's one of the continent's top birdwatching spots; a single day-boat trip from Tulcea only skims it, so allocate at least one overnight in the delta and go in spring for peak migration.",1
Iași,RO,Romania,47.1585,27.6014,"Romania's former princely capital, known for its ornate Orthodox churches (especially the Three Hierarchs Church with its all-over stone-carved facade) and the vast Neo-Gothic Palace of Culture, which alone houses four museums worth a couple of hours.",2
Maramureș wooden churches (Bârsana area),RO,Romania,47.7333,24.1,"Cluster of UNESCO-listed wooden Orthodox churches with tall shingled steeples (Bârsana monastery, Ieud, Desești); the churches are spread across small villages, so it's a rental-car day, not a single stop.",1
Peleș Castle (Sinaia),RO,Romania,45.3597,25.5406,"Lavishly decorated Neo-Renaissance royal castle built for King Carol I, with rooms covered in carved wood, stained glass and armor; the interior is only seen on a timed guided tour with limited daily slots, so buy tickets online or arrive early in high season.",6
Piatra Craiului National Park,RO,Romania,45.5,25.2167,"Dramatic limestone ridge popular with hikers and climbers, accessed via the Zărnești gorge; the full ridge traverse is a serious full-day hike with real exposure, not a casual walk.",1
Sibiu,RO,Romania,45.7983,24.1256,"Saxon old town famous for the ""eyes"" (dormer windows) watching over Piața Mare and the wrought-iron Bridge of Lies; climb the Council Tower (Turnul Sfatului) for the best rooftop panorama.",5
Sighișoara,RO,Romania,46.2197,24.7944,"Intact fortified Saxon citadel with the Clock Tower and covered wooden staircase, plus the house where Vlad the Impaler was born; small enough to see on foot in half a day, and the Clock Tower climb gives the best view over the colored rooftops.",7
Transfăgărășan Highway (Bâlea Lake),RO,Romania,45.605,24.6167,"Romania's high mountain pass over the Carpathians ending at the glacial Bâlea Lake, reachable by cable car from Bâlea Cascadă; the high section is snowbound and closed roughly late October to June (in 2026 it reopened June 12), so confirm it's open before planning a summer/early-autumn crossing.",2
Belgrade,RS,Serbia,44.7866,20.4489,"Kalemegdan Fortress, overlooking the Sava/Danube confluence, is the city's best free view and history in one stop; Skadarlija's cobbled bohemian quarter is the spot for a traditional live-music dinner in the evening.",1
Belgrade (Kalemegdan),RS,Serbia,44.8225,20.4506,"The fortress park sits right where the Sava meets the Danube — walk to the ledge near the Pobednik monument for the best river-confluence view, ideally about an hour before sunset when it's free and uncrowded.",6
Novi Sad,RS,Serbia,45.2671,19.8335,"Petrovaradin Fortress (""Gibraltar on the Danube"") dominates the skyline and is worth the climb for the river/old-town view. Note: EXIT Festival, long associated with this fortress, has moved to a global-tour format and its return to Novi Sad is unconfirmed (not held there in 2026) — don't plan the visit around it.",3
Tara Canyon / Drina rafting (Perućac),RS,Serbia,43.9711,19.4142,"Rafting the Drina through Tara National Park's canyon (one of Europe's deepest) starts from Perućac Lake and covers roughly 18km; also worth a quick detour to see the famous ""House on the Drina"" (Kuća na Drini) near Bajina Bašta before or after the float.",1
"Tara National Park (day trip from Belgrade, round-trip)",RS,Serbia,43.8931,19.4206,"The payoff is the Banjska Stena viewpoint over the Drina River canyon and Perućac Lake; if time allows within the day trip, combine it with nearby Drvengrad (Küstendorf, Emir Kusturica's wooden village) and the Šargan Eight heritage railway.",1
Zlatibor,RS,Serbia,43.7286,19.7089,"The mountain resort itself is low-key (lake, kajmak/pršuta tastings); the real highlight is a half-day trip to the Šargan Eight heritage narrow-gauge railway nearby — book ahead (train runs only late March-October, 4 departures/day, tickets ~1,500 RSD) since it can sell out in season.",4
Kigali,RW,Rwanda,-1.9403,29.8739,"The Kigali Genocide Memorial in Gisozi is the essential stop — mass graves for over 250,000 people plus an exhibition on the 1994 genocide; allow 2-3 hours, audio guide included in the free entry (donations requested).",3
Lake Kivu (Kibuye/Karongi),RW,Rwanda,-2.0667,29.35,"Quiet lakeside town with boat trips to Napoleon Island (fruit bat colony) and Amahoro Island; good spot to decompress for a day between gorilla trekking and onward travel, not a ""sight"" destination itself.",3
Nyungwe Forest,RW,Rwanda,-2.5,29.2,"The canopy walkway (suspension bridge ~70m above the forest floor) is the signature activity alongside chimp trekking, which is less reliably successful than gorilla trekking since chimps range farther and move faster.",3
Volcanoes NP (gorilla trekking),RW,Rwanda,-1.4833,29.5,"Beyond gorillas, golden monkey trekking is a much cheaper add-on (~$100 vs. the gorilla permit) through bamboo forest, and you can hike to Dian Fossey's grave/former research camp (Karisoke) as a half-day trek.",3
Abisko National Park,SE,Sweden,68.3558,18.7883,"Sits in a rare mountain ""blue hole"" microclimate that keeps skies clearer than the surrounding region, making it one of the most reliable aurora-viewing spots in the world, with the Aurora Sky Station chairlift up Nuolja putting you above valley cloud. The chairlift only runs in the dark-season months and has limited capacity, so book a slot in advance rather than turning up.",2
Kiruna,SE,Sweden,67.8558,20.2253,"Sweden's northernmost town is being physically relocated a few kilometres east because the LKAB iron-ore mine beneath it is causing ground subsidence — an unusual ""moving city"" story worth a stop in itself, alongside the mine itself. LKAB's underground mine tours are popular and capacity-limited, so book ahead rather than assuming a same-day slot.",5
Kivik,SE,Sweden,55.6817,14.2434,"Small coastal village in Österlen known for apple orchards and the Bronze Age Kiviksgraven burial cairn, whose central chamber has carved stone slabs. Visit in spring for blossom season, and pay the small entry fee to get inside the cairn and see the carvings up close.",2
Lund,SE,Sweden,55.7047,13.191,"Small university city centered on a Romanesque cathedral with a 15th-century astronomical clock (Horologium mirabile). Time your visit for the mechanical show — weekdays at 12:00 and 15:00, Sundays at 13:00.",2
Malmö,SE,Sweden,55.605,13.0038,"Sweden's third city, joined to Copenhagen by the Öresund Bridge, known for the Turning Torso skyscraper and the Lilla Torg old-town square. Easiest as a train day trip from Copenhagen Central (about 35 minutes), no car needed.",3
Sami culture (Jukkasjärvi),SE,Sweden,67.8556,20.5928,"Home to the original ICEHOTEL, rebuilt from scratch each winter out of Torne River ice and snow, with Sámi-linked reindeer and cultural activities offered alongside it. It only exists roughly December-April; outside that window, the permanent ICEHOTEL 365 wing (climate-controlled) is the year-round alternative.",2
Stockholm (Gamla Stan),SE,Sweden,59.3251,18.0711,"Stortorget, the old town's main square, was the site of the 1520 Stockholm Bloodbath; duck down Mårten Trotzigs Gränd, the city's narrowest alley (about 90cm wide), and time a visit to the Royal Palace courtyard for the Changing of the Guard (around midday, fewer times in winter).",3
Ystad,SE,Sweden,55.4295,13.8204,"Well-preserved half-timbered old town on the Swedish coast, familiar as the setting of the Wallander detective novels/TV series. Just wander the cobbled lanes, or follow a self-guided Wallander sites walk; it's also the ferry town for Bornholm.",2
Chinatown,SG,Singapore,1.282,103.844,Buddha Tooth Relic Temple and the Hindu Sri Mariamman Temple sit within a few blocks of each other; Maxwell Food Centre is the standout hawker stop.,2
Gardens by the Bay,SG,Singapore,1.2816,103.8636,Supertree Grove's light show runs nightly and is free to view from the ground; Cloud Forest and Flower Dome conservatories require separate paid entry.,2
Marina Bay,SG,Singapore,1.2838,103.8591,"Marina Bay Sands' rooftop infinity pool is hotel-guests-only, but the Spectra light-and-water show at the bay is free and public most evenings.",2
Sentosa,SG,Singapore,1.2494,103.8303,Reachable by cable car from Mount Faber (scenic approach) as an alternative to the monorail/walkway; Universal Studios and S.E.A. Aquarium are the paid headline attractions.,2
Bled,SI,Slovenia,46.3683,14.1146,"The postcard shot is the tiny island church reached only by traditional wooden pletna boats, with Bled Castle on the cliff above. Ring the church's ""wishing bell"" for luck, and go early morning or evening for still water and fewer boats in the frame.",17
Bohinj,SI,Slovenia,46.2833,13.8833,"Slovenia's larger, quieter alpine lake south of Bled — glacial, ringed by forested peaks, with far fewer crowds than Bled. Ride the Vogel cable car above the lake for a panoramic view, or use it as the trailhead for the Savica waterfall hike.",4
Ljubljana,SI,Slovenia,46.0569,14.5058,"The compact riverside old town — Plečnik's Triple Bridge, the Dragon Bridge, and a hilltop castle — can be walked in half a day. Take the funicular (or hike) up to Ljubljana Castle around golden hour for the best view over the red rooftops and river.",15
Soča Valley,SI,Slovenia,46.3833,13.6167,"The turquoise Soča River is Slovenia's adventure-sports hub — rafting, kayaking, and canyoning out of Bovec/Kobarid — and doubles as a WWI history site via Kobarid's Isonzo Front museum. Visit in late spring/early summer for the clearest turquoise water, before summer glacial melt clouds it.",1
"Trieste (Italy, waypoint)",SI,Slovenia,45.6495,13.7768,Piazza Unità d'Italia — one of Europe's largest seafront squares — and the Habsburg-built Miramare Castle just outside town reflect the city's Austro-Hungarian past rather than typical Italian character; 2-3 hours covers the square and waterfront on the way through.,1
Triglav NP,SI,Slovenia,46.3833,13.8378,"Slovenia's only national park and home to its highest peak (2,864m, Mt. Triglav). For non-mountaineers the standout is the Seven Lakes Valley (Sedmera Jezera) day hike from Bohinj — the summit itself needs a guide and via ferrata gear, so don't plan on it without one.",1
caves (Postojna/Škocjan),SI,Slovenia,45.783,14.2018,"Postojna's electric train ride deep into its dripstone cave system is the easy, family-friendly option; Škocjan (UNESCO-listed) is more dramatic — a colossal underground canyon crossed by footbridge — but it's guided-tour-only with limited tour times, so book ahead.",1
Longyearbyen,SJ,Svalbard,78.2232,15.6469,"The world's largest settlement this far north, built on a coal-mining economy now shifting toward tourism and Arctic research; the Svalbard Global Seed Vault sits on a hillside just outside town and is visible from outside (not open to visitors). Beyond the block-level guide requirement: even short walks just past the town's signposted boundary count as ""outside town"" for polar bear risk, not just longer excursions.",1
Pyramiden (day trip by boat),SJ,Svalbard,78.657,16.3606,"An abandoned Soviet-era coal-mining settlement preserved almost intact by the cold, complete with the world's northernmost Lenin bust — an eerie time-capsule of Soviet Arctic life, still Russian-operated. Full-day (or overnight) boat tours from Longyearbyen operate roughly late May-September once Isfjorden/Billefjorden clears of ice, and should be booked ahead as departures are limited to specific days per week.",1
Svalbard Museum,SJ,Svalbard,78.2199,15.6259,"A compact but well-curated overview of whaling, trapping, coal-mining history and polar bear/Arctic wildlife exhibits, located right in Longyearbyen. Worth about an hour, and best used as an orientation stop early in the Svalbard stay before heading out on excursions.",1
Bratislava,SK,Slovakia,48.1486,17.1077,Compact walkable Old Town plus the hilltop Bratislava Castle overlooking the Danube; the UFO Bridge's observation deck gives the best skyline view and doubles as a sunset spot.,7
High Tatras,SK,Slovakia,49.15,20.05,"Štrbské Pleso and Starý Smokovec are the main trailheads, with Gerlachovský štít (2,655m) as the range's highest peak; the cable car up to Skalnaté Pleso/Lomnický štít lets you reach dramatic alpine scenery even without committing to a full hike.",1
Slovenský Raj,SK,Slovakia,48.9333,20.4167,"Known for narrow gorge trails secured with ladders, chains and catwalks bolted alongside waterfalls (Suchá Belá is the classic route); trails run one-way upstream only, so wear grippy water-resistant shoes and expect a ~2-hour scramble, not a stroll.",1
Spiš Castle,SK,Slovakia,48.9958,20.7644,"One of Central Europe's largest castle complexes, its ruins visible for miles across the Spiš countryside; go late afternoon for the best light and allow time to wander the outer bailey, not just the keep.",1
City of San Marino (old town),SM,San Marino,43.9364,12.4477,"Hilltop medieval capital with walls and sweeping Adriatic views; park at the base and take the funicular up, or arrive early to beat the day-trip crowds bussed in from the coast.",2
Historic center,SM,San Marino,43.9424,12.4578,"San Marino's Three Towers (Guaita, Cesta, Montale) on Mount Titano are the postcard image; the connecting walk via Passo delle Streghe between them gives sweeping Adriatic-coast views on a clear day.",1
Rocca Guaita,SM,San Marino,43.9377,12.4536,"The oldest and most-visited of San Marino's three connected hilltop towers, with the best panoramic views of the three; go early or late in the day since it draws the bulk of the tour groups, and walk the connecting path to the other two towers if time allows.",2
Dakar,SN,Senegal,14.7167,-17.4677,"Senegal's buzzing capital is worth a day for the African Renaissance Monument (Africa's tallest statue, with a viewing platform over the city) and the sprawling Sandaga/Kermel markets and Medina district's mbalax music scene. Go to the Monument in late afternoon for cooler climbing weather and better light for the skyline view.",3
Lompoul Desert,SN,Senegal,15.3833,-16.75,"A pocket of orange Sahara-like dunes only a few km across, small enough to fully explore but photogenic enough that it's used as a stand-in ""Sahara"" for shoots — the appeal is spending the night in a desert camp. Book a campement stay for sunset/sunrise over the dunes and clear stargazing, rather than a same-day pass-through.",3
Saint-Louis (UNESCO),SN,Senegal,16.0179,-16.4896,"Beyond the colonial old town, Saint-Louis is the gateway to Djoudj National Bird Sanctuary, one of West Africa's most important wetland reserves (also UNESCO-listed) with huge pelican and flamingo colonies. Combine the two: a morning walk across the colorful Pont Faidherbe bridge, then a half-day pirogue trip into Djoudj (best November-April when migratory birds are present).",3
Sine-Saloum Delta,SN,Senegal,13.9333,-16.5333,"Beyond the mangrove/bird ecosystem, the delta's standout single site is Fadiouth, a village built entirely on a mound of seashells and linked to the mainland by a footbridge, with a shared Muslim-Christian cemetery. Allot half a day: a pirogue ride through the mangrove channels plus a walking stop in Fadiouth.",3
Île de Gorée,SN,Senegal,14.6672,-17.3984,"Beyond its slavery-history significance, the island itself is a small, car-free maze of ochre-and-bougainvillea colonial houses that's genuinely pleasant just to wander, with a lively artisan/craft market near the pier. Take one of the first morning ferries from Dakar — the island gets crowded with day-trippers by midday and empties out again by late afternoon.",3
Brownsberg Nature Park,SR,Suriname,4.95,-55.1667,"Beyond the reservoir view, the park's Irene Vallei trail (roughly a 2-hour round trip) leads to a waterfall and is one of the better spots in Suriname for spotting red howler monkeys and tapir tracks. Wildlife is most active at dawn, so staying overnight at the park's basic guesthouse beats a rushed day trip from Paramaribo (it's a few hours' drive each way).",3
Maroon villages along the river,SR,Suriname,4.4,-55,"The Upper Suriname River villages (e.g. Pikin Slee, Danpaati) are home to Saamaka Maroon communities — descendants of enslaved Africans who escaped and built an independent Afro-Surinamese culture, visible in distinctive wood-carving art and drum/dance traditions found nowhere else in the country. An overnight stay at a Maroon-run river lodge (rather than a day trip) is worth the extra time — access is by dugout canoe through small rapids, and evenings bring live drumming you won't see on a rushed visit.",3
Paramaribo (UNESCO),SR,Suriname,5.852,-55.2038,"Its UNESCO-listed inner city is unusual for mixing Dutch colonial brick/timber architecture with a Hindu mandir, a mosque, and a synagogue standing side by side on Keizerstraat — a rare interfaith cluster. Walk the Waterkant promenade along the Suriname River at dusk, when the old warehouse facades catch the light and it's cooler to explore on foot.",3
"Príncipe (remote, less visited)",ST,São Tomé and Príncipe,1.6167,7.4167,"Far smaller and far less visited than São Tomé — reachable only by small plane, which naturally caps visitor numbers. Roça Sundy, now a boutique hotel, is where Arthur Eddington's 1919 eclipse observations confirmed Einstein's general relativity; worth the detour even for non-guests as a place to see, not just stay.",3
"São Tomé (roças/plantations, rainforest)",ST,São Tomé and Príncipe,0.3365,6.7273,"Roça Agostinho Neto, once the country's largest cocoa plantation, is the most evocative of the island's decaying colonial-plantation architecture, and a guided hike inland into Obô Natural Park reaches Pico Cão Grande's dramatic volcanic spire. Allow a half-day for the roça, a full day if adding the rainforest hike.",3
Cerro Verde & volcanoes,SV,El Salvador,13.8333,-89.6333,"The park is the trailhead hub for both Santa Ana volcano (with its turquoise crater lake) and the shorter, family-friendly Izalco viewpoint walk; hikes are typically done in a guided group with a set morning departure time, so arrive early.",2
El Tunco,SV,El Salvador,13.4917,-89.3833,"A black-sand beach break popular with surfers of all levels, with a compact strip of surf camps, hostels and beachfront bars right on the point.",2
"Ruta de las Flores (Juayúa, Ataco)",SV,El Salvador,13.8333,-89.75,Juayúa's weekend feria gastronómica (Sat-Sun food stalls in the plaza) is the town's signature draw; Ataco is known for its painted murals and small coffee-tour operations you can just walk into.,2
San Salvador,SV,El Salvador,13.6929,-89.2182,The Museo Nacional de Antropología and the murals/monuments around Plaza Cívica and the National Palace are the main draws; also worth a stop is the Iglesia El Rosario for its striking modern stained-glass interior.,2
Santa Ana,SV,El Salvador,13.9942,-89.5597,The neo-Gothic Santa Ana Cathedral and neighboring Teatro de Santa Ana anchor the central plaza; it's also the usual base for climbing Santa Ana volcano itself.,2
Suchitoto,SV,El Salvador,13.9333,-89.0333,A quiet colonial town on Lake Suchitlán known for indigo-dyeing workshops (añil) and a small but active arts/gallery scene; boat trips on the lake for birdwatching are easy to arrange locally.,2
Ezulwini Valley,SZ,Eswatini,-26.45,31.2,Ngwenya Glass (recycled glass blown on-site) and the Swazi Candles craft village are the classic souvenir stops; also home to the Mantenga Cultural Village for traditional dance shows.,3
Hlane Royal National Park,SZ,Eswatini,-26.15,31.8667,"Eswatini's largest protected area and best spot for lion and rhino in the country; the rest camp borders a waterhole with resident hippos, viewable from camp without a game drive.",3
Mbabane,SZ,Eswatini,-26.3167,31.1333,Administrative capital with little tourist draw itself; most travelers pass straight through to Ezulwini.,3
Mlilwane Wildlife Sanctuary,SZ,Eswatini,-26.4667,31.1833,"No dangerous predators, so you can walk, mountain-bike, or horseback ride freely among zebra, warthog, and antelope — one of the few parks in the region where you're not confined to a vehicle.",3
Lomé,TG,Togo,6.1319,1.2228,"Togo's capital is mainly a stop for the Akodessewa Fetish Market — a genuine working Vodun supply/spiritual market, not a tourist recreation — plus the Grand Marché for everyday city life. A local guide is worth it at the fetish market to get real context rather than just photographing the stalls.",2
"Togoville (Vodun culture, Lac Togo)",TG,Togo,6.2667,1.5333,"The spiritual birthplace of Togolese Vodun, reached by dugout pirogue across Lac Togo, with King Mlapa's palace and a Vodun-Catholic syncretic basilica in the same small village. The boat crossing itself (rather than the village) is the highlight — go by pirogue, not the road causeway, for the full experience.",2
Ayutthaya,TH,Thailand,14.3532,100.568,The Buddha head engulfed in tree roots at Wat Mahathat is the single most photographed spot; easily done as a day trip from Bangkok rather than an overnight.,3
Bangkok,TH,Thailand,13.7563,100.5018,Grand Palace and Chatuchak Weekend Market (only open Sat/Sun) are the two must-plan-around sights; the BTS/MRT skytrain-metro combo is the easiest way to skip street traffic.,3
Chiang Mai,TH,Thailand,18.7883,98.9853,Sunday Walking Street market is the standout market night (bigger and more local-craft-focused than the nightly bazaar); Doi Suthep temple overlooking the city is a half-day trip.,3
Koh Lipe,TH,Thailand,6.4794,99.3006,"Far south near the Malaysian border, no roads/cars on the island — walking street is the social hub in the evening; noticeably quieter and less developed than Krabi's islands.",3
Krabi/islands,TH,Thailand,8.0863,98.9063,"Railay Beach is a rock-climbing hub (accessible only by boat, no road in) as much as a beach destination; 4-Islands boat tours are the standard day-trip package from Ao Nang.",3
Sukhothai,TH,Thailand,17.0067,99.8264,"The historical park is far less crowded than Ayutthaya's, and renting a bicycle to ride between the ruin clusters is the standard way to see it.",3
Dushanbe,TJ,Tajikistan,38.5598,68.787,Rudaki Park and the Ismoili Somoni monument are the central landmarks; Hisor Fortress is a short trip outside the city.,4
Iskanderkul,TJ,Tajikistan,39.0736,68.3667,"Turquoise glacial lake named after Alexander the Great, with local legends tying it to his campaigns; good for a swim/hike stop.",4
Khorog,TJ,Tajikistan,37.4913,71.5551,Has one of the highest-altitude botanical gardens in the world; mostly functions as the last real town before/after the Pamirs.,4
Murghab,TJ,Tajikistan,38.1706,74.0114,"Remote, high-altitude Pamir settlement with a Sunday market; a common overnight stop rather than a sightseeing destination in itself.",4
Pamir Highway,TJ,Tajikistan,37.8944,73.0139,"The M41 is the world's second-highest international highway; the Ak-Baital pass (~4,655m) is its highest point.",4
Atauro Island,TL,East Timor,-8.25,125.5833,"Reef surveys have ranked its waters among the highest fish-species-density sites recorded anywhere, making it a notable snorkeling/diving stop despite minimal infrastructure.",2
Baucau,TL,East Timor,-8.4667,126.4667,Old town retains distinct Portuguese colonial architecture (including the old market building); natural spring-fed pools nearby (Osolata) are a good side stop.,2
Dili,TL,East Timor,-8.5586,125.5736,"Cristo Rei statue on its headland is the main landmark, with a walkable trail up and beach access below it.",2
Jaco Island (Nino Konis Santana NP),TL,East Timor,-8.4333,127.3333,Considered sacred and uninhabited — no overnight stays are allowed on the island itself; visitors camp on the mainland beach opposite and day-trip across.,2
Maubisse,TL,East Timor,-8.9167,125.6167,Mountain coffee-growing town with a colonial-era pousada perched above the valley — go for the view and cooler highland climate versus the coast.,2
Carthage,TN,Tunisia,36.8531,10.3236,"The Antonine Baths ruins sit right on the coast and were once among the largest Roman bath complexes outside Rome itself; little survives above ground elsewhere on the site, so context/imagination does more work here than at Dougga.",3
Dougga,TN,Tunisia,36.4225,9.2189,"Considered the best-preserved Roman small town in North Africa — the Capitol temple's facade and the theater are still largely intact, giving a clearer sense of a functioning Roman town than more famous ruins elsewhere.",3
El Jem,TN,Tunisia,35.2967,10.705,The amphitheater's substructure — underground passages and animal pens beneath the arena floor — is walkable and gives a good sense of how the venue actually operated.,3
Sidi Bou Said,TN,Tunisia,36.8703,10.3417,Distinctive blue-and-white color scheme (enforced by local ordinance since the 1920s) drew painters like Paul Klee; Café des Nattes on the main street is the classic mint-tea stop overlooking the bay.,3
Tunis,TN,Tunisia,36.8065,10.1815,"The Bardo Museum holds the world's largest collection of Roman mosaics, housed in a former Ottoman-era palace.",3
Ha'apai,TO,Tonga,-19.8333,-174.35,"The least developed of Tonga's main groups, with minimal tourist infrastructure; the volcanic cones of Kao and Tofua are visible from the group's beaches, giving a much quieter, undeveloped alternative to Vava'u.",2
Nuku'alofa,TO,Tonga,-21.1393,-175.2046,"The Royal Palace is a photogenic white wooden building near the waterfront but is not open to the public, viewable from outside only; the Royal Tombs adjacent are also closed to visitors.",2
Vava'u (swimming with humpback whales),TO,Tonga,-18.65,-173.9833,Port of Refuge is a well-protected natural harbor that makes this the yachting/sailing hub of Tonga; Swallow's Cave and Mariner's Cave are specific boat-accessible sea caves worth seeking out beyond the whale swims.,2
Ankara,TR,Turkey,39.9334,32.8597,"Anıtkabir, Atatürk's mausoleum and museum complex, is the essential stop; the Museum of Anatolian Civilizations holds an excellent Hittite collection.",2
Antalya,TR,Turkey,36.8969,30.7133,Kaleiçi (old town) harbor area is the atmospheric core; the Düden Waterfalls (upper and lower) are an easy side trip from the city.,2
Cappadocia,TR,Turkey,38.6431,34.8289,"Sunrise hot-air balloon flights over the fairy chimneys are the signature activity but are weather-dependent and frequently cancelled/rescheduled at short notice, so build in a spare morning if it matters to you; the Derinkuyu/Kaymaklı underground cities are a good rainy-day alternative.",4
Ephesus,TR,Turkey,37.941,27.3417,The Library of Celsus facade is the highlight; the Terrace Houses (preserved wealthy Roman residences with mosaics/frescoes) require a separate ticket beyond general site entry and are worth the extra cost.,5
Istanbul,TR,Turkey,41.0082,28.9784,"Hagia Sophia has functioned as an active mosque since 2020 — it's free to enter but closed to visitors during the five daily prayer times, and the upper gallery mosaics are harder to access than pre-2020; the Blue Mosque and Grand Bazaar remain straightforward visits.",4
Kars/Trabzon,TR,Turkey,40.6013,43.0975,"Near Kars, the ruined medieval Armenian city of Ani sits right on the closed border with Armenia and no longer requires special permits to visit — just an entry ticket. Near Trabzon, Sumela Monastery clings to a cliff face; check current access before the day of your visit as restoration work has periodically restricted parts of it.",2
Pamukkale,TR,Turkey,37.92,29.12,Visitors must walk barefoot on the white travertine terraces themselves (shoes damage the mineral surface) — bring a bag for your shoes; combine with the Hierapolis ruins and antique pool above.,4
Pergamon,TR,Turkey,39.1319,27.1836,"The steep ancient theater is one of the steepest in the ancient world; note the famous Pergamon Altar itself isn't there anymore — it was removed to Berlin's Pergamon Museum, so what remains on-site is the foundation platform.",2
Troy,TR,Turkey,39.9575,26.2389,"The site itself is unimpressive to many visitors (low mounded ruins of 9 superimposed cities) — the giant wooden horse replica at the entrance is more a modern photo-op than historical artifact; go for the archaeological/Homeric significance, not visual drama.",3
Kenting,TW,Taiwan,21.9447,120.7969,"Taiwan's southernmost beach town, anchoring Kenting National Park, with a well-known night market as the evening draw.",3
Sun Moon Lake,TW,Taiwan,23.8618,120.9155,The lakeshore cycling path is well-regarded internationally; the ropeway connects to the Formosan Aboriginal Culture Village on the opposite shore.,3
Tainan,TW,Taiwan,22.9997,120.227,Taiwan's oldest city and its de facto street-food capital; Anping Old Fort is the main historic anchor.,3
Taipei,TW,Taiwan,25.033,121.5654,Taipei 101's observation deck and the Raohe/Shilin night markets are best done in the evening for atmosphere and food.,3
Taroko Gorge,TW,Taiwan,24.1588,121.6222,"Access is still only partial as of 2026 following the April 2024 earthquake: Shakadang Trail, Swallow Grotto, Tunnel of Nine Turns, and Zhuilu Old Road remain closed indefinitely, while Dekalun, Taibido, Xiangde Temple, and the Tianxiang area trails have reopened — check current trail status before building an itinerary around it.",3
Arusha,TZ,Tanzania,-3.3869,36.683,Main safari-logistics base; Arusha National Park itself is underrated for walking safaris and giraffe/Mt Meru views without the Serengeti-level crowds.,3
Dar es Salaam,TZ,Tanzania,-6.7924,39.2083,Mostly a transit hub for the Zanzibar ferry; the National Museum is the one worthwhile stop if there's a layover.,3
Kilimanjaro (region),TZ,Tanzania,-3.0674,37.3556,"Non-climbers can still base here for day hikes/coffee farm tours; climbers should note Machame and Marangu are the most popular routes, with 6-7 days recommended over shorter itineraries to reduce altitude sickness risk.",3
Lake Manyara,TZ,Tanzania,-3.3667,35.8167,Known for tree-climbing lions (not guaranteed) and large flamingo flocks on the soda lake when water levels are right.,3
Ngorongoro Crater,TZ,Tanzania,-3.1667,35.5833,"Exceptionally high predator density in a contained area, but visits are day-trips down to the crater floor only — no overnight camping inside the crater itself.",3
Serengeti,TZ,Tanzania,-2.3333,34.8333,"The Great Migration's location shifts seasonally (roughly southern plains Dec-Mar, western corridor Apr-Jun, northern Serengeti/Mara river crossings Jul-Oct), so which sector you base in should match travel dates.",3
Zanzibar,TZ,Tanzania,-6.1659,39.2026,"Stone Town (UNESCO) for history and spice tours; best beaches are on the north/east coast (Nungwi, Kendwa) rather than near Stone Town itself.",3
Bwindi Impenetrable Forest (gorillas),UG,Uganda,-1.0333,29.6667,"Four separate trailheads (Buhoma, Ruhija, Rushaga, Nkuringo) serve different gorilla families — Rushaga also offers the pricier full-day habituation experience instead of the standard one-hour visit.",2
Jinja,UG,Uganda,0.4478,33.2026,"Marketed as the ""source of the Nile""; grade 5 white-water rafting below the Bujagali area is the main draw and still operates commercially despite upstream dam development having flooded some original rapids.",2
Kampala,UG,Uganda,0.3476,32.5825,"Owino/Nakasero markets for local color, the Baha'i Temple (the only one in Africa) for a quiet detour, and a genuinely lively nightlife/restaurant scene by regional standards.",2
Kibale Forest,UG,Uganda,0.5,30.3833,East Africa's premier chimp-trekking site with very high sighting success; also offers the Bigodi Wetland walk for primates and birdlife as a lower-key add-on.,2
Murchison Falls,UG,Uganda,2.2833,31.6833,The boat safari up to the base of the falls plus the short hike to the top viewpoint (where the Nile is squeezed through a ~7m gorge) is the classic combo — do both if time allows.,2
Queen Elizabeth NP,UG,Uganda,-0.2,29.9,"Known for tree-climbing lions in the Ishasha sector (a genetic quirk seen almost nowhere else in Africa) and the Kazinga Channel boat cruise, which reliably delivers hippo and elephant sightings.",2
17-mile scenic loop,US,United States,36.9989,-110.1007,"Monument Valley's dirt scenic drive past the Mittens and other iconic buttes. It's rough and dusty but drivable slowly in a regular car; go at sunrise or sunset for the best light on the rock, and hire a Navajo guide if you want access to backcountry spots off the public loop.",1
Angels Landing,US,United States,37.269,-112.9496,"Zion's signature chain-assisted scramble up a narrow fin to a 360-degree canyon view. A permit is required (lottery system): seasonal lotteries open months ahead on recreation.gov, but there's also a day-before lottery open 12:01am-3pm MT the day before your hike — use that if you didn't plan far ahead.",1
Anhinga Trail,US,United States,25.3861,-80.6114,"An easy 0.8-mile boardwalk over a slough where alligators, anhingas, and herons sit right next to the path — one of the most reliable close-up wildlife spots in the park; go early morning or late afternoon for the most activity, 30-45 minutes is enough.",1
Antelope Canyon,US,United States,36.8619,-111.4103,"The wave-like sandstone slot canyon near Page made famous by light-beam photos. Entry is only possible with a booked Navajo-guide tour (no independent access) — book weeks ahead, and choose Lower Canyon over Upper for a cheaper, less crowded, less tour-bus-heavy experience.",1
Bright Angel Trailhead,US,United States,36.0572,-112.1445,"The historic trail dropping into the canyon from the South Rim, with the 1.5-Mile and 3-Mile Resthouses as realistic turnaround points for a day hike. Don't attempt the river and back in one day; start at first light in summer since there's little shade and it gets dangerously hot on the climb out.",1
"Brooklyn (Williamsburg, DUMBO)",US,United States,40.7081,-73.9571,"DUMBO for the Washington St./Water St. Manhattan Bridge photo spot and Brooklyn Bridge Park; Williamsburg for vintage shops, food halls, and rooftop bars with skyline views. Hit the DUMBO photo spot at sunrise — by mid-morning it's a line of tourists waiting to take the same shot.",1
Bryce Amphitheater,US,United States,37.593,-112.1871,"The classic view over Bryce's orange hoodoo forest from Sunset, Sunrise, and Inspiration Points. Walk the paved Rim Trail between the points instead of driving/shuttling — sunrise light on the hoodoos here is the single best photo window of the day.",1
Capitol Hill,US,United States,38.8899,-77.0091,"Home of the US Capitol, with free interior tours covering its history and art. Book the tour weeks ahead through your senator/representative's office or the Capitol Visitor Center site — same-day slots are rare.",1
Cathedral Rock,US,United States,34.8214,-111.7897,"Sedona's red-rock spire with a short, steep hike up slickrock to a saddle with a view over the Verde Valley. The small trailhead parking lot fills by mid-morning — arrive early or use the Sedona shuttle.",1
Chinatown Honolulu,US,United States,21.3097,-157.8626,"Historic wet markets (Oahu Market, Maunakea Marketplace) and lei shops mixed with a newer gallery/restaurant scene along Hotel Street; visit in the morning for the produce/fish markets, and stick to groups after dark since the area gets rough at night.",1
Coral Gables & Coconut Grove,US,United States,25.7215,-80.2684,"Coral Gables' Venetian Pool (a historic coral-rock quarry pool) and Miracle Mile shopping, plus Coconut Grove's leafy waterfront streets; the Venetian Pool needs its own ticket and is closed Mondays, so check that before planning around it.",1
Diamond Head,US,United States,21.262,-157.8053,"Short but steep crater-rim trail (~1.6mi round trip) ending at a summit lookout with Waikiki and the ocean laid out below; timed-entry tickets must be booked online in advance, so grab an early-morning slot to beat both heat and crowds.",1
Emerald Pools,US,United States,37.2586,-112.9723,"An easier trail to a series of pools and a waterfall you can walk behind at the lower pool. The Middle Emerald Pools section is currently closed indefinitely from landslide damage, so plan for the Lower Pool loop and check the NPS Zion alerts page for the latest access from the Grotto shuttle stop.",1
Fenway,US,United States,42.3467,-71.0972,"Fenway Park, the oldest ballpark still in use in MLB (opened 1912), famous for the Green Monster left-field wall. On non-game days book a stadium tour; if catching a game, Green Monster seats sell out fastest.",1
Flamingo,US,United States,25.1398,-80.9231,"The remote southern outpost on Florida Bay with a marina and boat tours for spotting crocodiles and manatees; the Guy Bradley Visitor Center reopened after hurricane damage, but campground/marina facilities have had partial seasonal closures since — check current status before counting on services there.",1
Freedom Trail,US,United States,42.3601,-71.0589,"A 2.5-mile painted red-brick line connecting 16 Revolutionary-era sites (Paul Revere House, Old North Church, Faneuil Hall). Walkable self-guided in 2-3 hours; a guided walking tour adds context you'd otherwise miss at the less-obvious stops.",1
Georgetown,US,United States,38.9097,-77.0654,"Historic riverside neighborhood — M Street's shops/restaurants and the ""Exorcist steps"" down to the C&O Canal towpath are the two things worth carving out time for. Walk the canal towpath or out to the Georgetown waterfront for a quieter view of the Potomac than the Mall offers.",1
Guided airboat tour,US,United States,25.7617,-80.6081,"Fast rides through sawgrass marsh for quick, close-up gator sightings; book with an operator just outside the park boundary (Tamiami Trail/Everglades City area) since airboats aren't permitted inside Everglades National Park itself.",1
Haleakalā National Park,US,United States,20.7204,-156.1552,"A 10,000ft dormant volcano summit that sits above the cloud layer, best known for sunrise but equally striking at midday for the crater views; sunrise visits require a separate paid reservation booked well ahead online, and it's near-freezing at the top so bring real layers.",1
Hanakāpī'ai Falls (day-hike),US,United States,22.2166,-159.5921,"A 300ft waterfall 2 miles inland from Hanakāpīʻai Beach, reached via the first, most scenic stretch of the Kalalau Trail; it's a strenuous 8-mile, 6-8hr round trip with a river crossing that turns dangerous after rain, and now requires a Hāʻena State Park entry/parking reservation booked through GoHaena.com exactly 30 days ahead (permits for anything past Mile 2 require the separate Nā Pali camping permit).",1
Harvard & Cambridge,US,United States,42.377,-71.1167,Harvard Yard and Harvard Square's bookstores/cafes are the draw. Free student-led campus tours run daily and are worth joining for the stories behind the buildings.,1
Hemingway House,US,United States,24.5545,-81.8017,"Ernest Hemingway's 1930s home, with his writing studio and descendants of his famous six-toed cats roaming the grounds; arrive right at the 9am opening to beat tour groups and cruise-ship crowds — tours run every 30 minutes.",1
Horseshoe Bend,US,United States,36.8791,-111.5104,A sweeping horseshoe-shaped bend of the Colorado River seen from a clifftop overlook near Page. Go near sunset for the best light and cooler temps — it's a shadeless ~1.5-mile round-trip walk on sand from the (paid) parking lot.,1
Independence Hall & Liberty Bell,US,United States,39.9496,-75.1503,"Where the Declaration of Independence and Constitution were both debated and signed. Independence Hall entry is by free timed ticket only — reserve online same-day or in advance, especially in summer, or you won't get in.",1
Islamorada,US,United States,24.9391,-80.6276,"The ""sportfishing capital of the world,"" built around backcountry flats and offshore charters; book a charter a day or two ahead in high season, and stop at Robbie's Marina to hand-feed the tarpon even if you're not fishing.",1
John Pennekamp Coral Reef State Park,US,United States,25.1276,-80.4062,"America's first underwater park, with living reef snorkel/dive sites and the submerged bronze Christ of the Abyss statue; book the glass-bottom boat or snorkel tour ahead and go in the morning for calmer water and less boat traffic.",1
Koko Crater Trail,US,United States,21.281,-157.6987,"A brutal straight-up climb of ~1,048 old railway-tie steps rewarded with a 360° panorama over east Oahu's coastline; start at first light — there's zero shade and it gets dangerously hot by mid-morning, allow 1.5-2 hours round trip.",1
Kōke'e State Park,US,United States,22.1319,-159.6394,"The mountain park above Waimea Canyon with the Kalalau Lookout and trailheads like Awaʻawapuhi and the Alakaʻi Swamp boardwalk; pair it with a Waimea Canyon visit on the same drive, and check trail conditions at the Kōkeʻe museum since fog and cold roll in fast at 3,600ft.",1
Lahaina,US,United States,20.8783,-156.6825,"Historic whaling-era town devastated by the August 2023 wildfire; Front Street reopened to vehicles on Aug 1, 2026 with businesses like Kimo's and ʻUlu o Lele Marketplace back open, but much of the district is still fenced off and rebuilding, so confirm current access before planning a stop.",1
Lincoln Memorial,US,United States,38.8893,-77.0502,"Marble statue overlooking the Reflecting Pool, with the spot where MLK gave his ""I Have a Dream"" speech marked on the steps. Visit after dark — it's lit dramatically and far less crowded than daytime.",1
Little Havana,US,United States,25.7658,-80.2192,"Calle Ocho's Cuban coffee windows, cigar-rollers, and Domino Park where locals play dominoes daily; visit Domino Park mid-afternoon to catch the regulars, or come on the last Friday of the month for the Viernes Culturales street festival.",1
Mallory Square (sunset),US,United States,24.561,-81.808,"A nightly harborside gathering of street performers, vendors, and crowds celebrating sunset; arrive 45-60 minutes before sunset to get a viewing spot and catch the performers setting up.",1
"Manhattan (Times Square, Central Park)",US,United States,40.758,-73.9855,"Times Square for the neon/theater energy, Central Park for Bethesda Terrace and Strawberry Fields as the two standout stops inside it. Walk or bike the park's reservoir loop early morning before the crowds and horse carriages arrive.",1
MoMA / The Met,US,United States,40.7794,-73.9632,"MoMA holds modern icons (Starry Night, Les Demoiselles d'Avignon); the Met's collection is encyclopedic with a seasonal roof garden. Book timed tickets online in advance for both — the Met also has Friday evening hours that are notably quieter.",1
Mount Rainier National Park,US,United States,46.8523,-121.7603,"An active volcano with its own glacier system and, in season, some of the best subalpine wildflower meadows in the Cascades (Paradise, Skyline Trail). Mount Rainier dropped its timed-entry reservation system for 2026 — entry is first-come, first-served again, so the real bottleneck is parking at Paradise/Sunrise, which fills by mid-morning on summer weekends; arrive before 9am.",3
National Mall & Smithsonians,US,United States,38.8899,-77.0091,"Free world-class museums (Air & Space, Natural History, American History) line the Mall alongside the monuments; pick at most 2 per day. Air and Space and the African American History museum both require free timed-entry passes booked online in advance (Air & Space releases them in 6-week windows, plus a small same-day batch at 8:30am ET), so reserve those two ahead — the rest are walk-in.",1
Navajo Loop / Queen's Garden Trail,US,United States,37.6283,-112.166,"The combined loop drops you down among the hoodoos themselves, passing Thor's Hammer and the narrow ""Wall Street"" slot section — the only way to really appreciate the scale versus just viewing from the rim. Budget about 3 hours; the Wall Street section closes seasonally for ice/rockfall, so check current trail status before committing to that direction.",1
Nā Pali Coast,US,United States,22.1883,-159.5896,"17 miles of sheer, green sea cliffs with no road access — seen by boat, helicopter, or the Kalalau Trail; boat tours run smoother in summer (May-Sept) when ocean swells are lower.",1
Old City & Society Hill,US,United States,39.9476,-75.1449,Cobblestone colonial-era streets; Elfreth's Alley (oldest continuously inhabited residential street in the US) is the highlight and easy to walk past since it's just a narrow gap between storefronts. Combine with the nearby Betsy Ross House.,1
Old Town Key West,US,United States,24.5551,-81.78,"The historic core around Duval Street, Bahama Village, and Conch-style houses; explore on foot or bike early morning before the Duval bar crowd and midday cruise-ship crowds take over.",1
Olympic National Park (Hurricane Ridge & Hoh Rainforest),US,United States,47.9709,-123.4995,"Two completely different ecosystems back to back: Hurricane Ridge's subalpine mountain views and Hoh's moss-draped temperate rainforest, both reachable in the same day from Port Angeles. Hurricane Ridge's Day Lodge burned down in a 2023 fire and is still only in the design/rebuild phase — the road and viewpoint are open, but expect no visitor center and no potable water on the ridge through at least August 2026, so bring your own water.",3
"Oregon Coast (Cannon Beach, Astoria)",US,United States,45.8918,-123.9615,"Cannon Beach's Haystack Rock is one of the most photographed sea stacks on the US coast with tide pools at its base, while Astoria adds Columbia River maritime history and several ""Goonies"" filming locations. Time Haystack Rock around low tide for the tide pools — check the tide table before you go, since high tide submerges most of them.",3
Reading Terminal Market,US,United States,39.9532,-75.159,"Historic 1893 indoor market mixing Amish produce stalls with Philly food stalls (Bassetts ice cream, DiNic's roast pork). Go on a weekday for lunch — the Amish stalls are closed Sundays.",1
Red Rock State Park,US,United States,34.8236,-111.8302,"A quieter nature preserve along Oak Creek with easy trails and red-rock views, better for birdwatching than crowds. Time it for sunset at the Eagle's Nest overlook, and check for ranger-led nature walks.",1
Redwood National & State Parks,US,United States,41.2132,-124.0046,"Home to the tallest trees on Earth, including groves easily rivaling (and quieter than) the more famous Sequoia giants further south. Driving in to Tall Trees Grove requires a free permit (limited number per day) available at the Kuchel Visitor Center — plan for that if it's the specific grove you want, otherwise the roadside groves along Newton B. Drury Parkway need no permit at all.",3
Rim Trail,US,United States,36.0544,-112.1401,"Grand Canyon South Rim's paved path connecting viewpoints like Mather Point and Yavapai Point. Use the free park shuttle to skip between viewpoint clusters rather than walking the whole trail, and time it for sunset at Yavapai Point.",1
Road to Hana,US,United States,20.7581,-156.0356,"600+ curves and 59 one-lane bridges past standout stops like Twin Falls and Wailua Falls; leave by 7am to stay ahead of tour traffic and afternoon rain, and don't plan it as a same-day round trip if you also want real time in Hana town.",1
"San Francisco (Golden Gate Bridge, Alcatraz, Mission District)",US,United States,37.7749,-122.4194,"Beyond the bridge itself, Alcatraz's cellhouse audio tour is genuinely worth the trip, and the Mission District's Balmy Alley/Clarion Alley murals plus taquerias are the city's best low-key afternoon. Alcatraz ferry tickets routinely sell out 1-2 weeks ahead in summer — book that the moment your dates are fixed, well before the rest of the SF stop.",3
"Seattle (Pike Place Market, Space Needle)",US,United States,47.6062,-122.3321,"Pike Place is a working market (fish-throwing vendors, the original 1971 Starbucks, hidden Post Alley shops) rather than a tourist stage, and the Space Needle gives the best skyline-plus-Rainier view on a clear day. Go to Pike Place right at opening (9-10am) before tour groups arrive, and book Space Needle tickets ahead for a sunset slot.",3
Sequoia & Kings Canyon National Parks,US,United States,36.4864,-118.5658,"Home to General Sherman, the largest tree on Earth by volume, plus Kings Canyon's much less-visited, dramatically deep glacial canyon right next door. The General Sherman parking area fills early on summer days — go first thing in the morning or use the free shuttle from Giant Forest Museum instead of hunting for a spot.",3
South Beach (Art Deco District),US,United States,25.7826,-80.1341,"Rows of pastel 1930s Art Deco hotels along Ocean Drive and Collins Ave, some of the best-preserved of the style anywhere; walk it early morning for soft light and empty sidewalks before the beach crowds arrive.",1
The Narrows,US,United States,37.2999,-112.9484,"Hiking upstream through the Virgin River between slot-canyon walls hundreds of feet tall, with no trail — you walk in the water. Rent neoprene socks/canyon shoes and a wooden staff at a Springdale outfitter, and check the flash-flood forecast at the visitor center before entering; the bottom-up route needs no permit.",1
Waikiki,US,United States,21.2793,-157.8293,"Not just a beach — it's the calm, family-friendly swimming stretch backed by Kalakaua Ave's shopping/dining and framed by Diamond Head; go before 8am for open sand or return at sunset, since midday the beach gets narrow and packed.",1
Waimea Canyon,US,United States,22.0808,-159.6653,"A 3,000ft-deep, layered red-rock canyon nicknamed the ""Grand Canyon of the Pacific""; the light is best in early morning before afternoon clouds roll in — hit both the main Waimea Canyon and Puʻu o Kila lookouts.",1
Wynwood Walls,US,United States,25.801,-80.1994,"An outdoor gallery of large-scale murals by international street artists in a compact walkable block; an hour is enough, and weekday mornings avoid the bar-crowd weekend rush.",1
Yosemite Valley,US,United States,37.7459,-119.5936,"El Capitan, Half Dome and Yosemite Falls are all visible from the Valley floor without any hiking, making it one of the few places this scenic that's accessible to non-hikers too. Yosemite dropped its entrance-reservation requirement for 2026, but Valley traffic/parking congestion is still real in summer — arrive before 8am or expect to circle for parking.",3
Bukhara,UZ,Uzbekistan,39.7747,64.4286,"More compact and walkable than Samarkand, with the Ark fortress, Kalyan minaret, and Lyab-i Hauz pool square all close together.",5
Khiva,UZ,Uzbekistan,41.3775,60.3639,"Itchan Kala, the walled inner city, is essentially an open-air museum — unusually intact compared to other Silk Road cities, easy to cover on foot in a day.",5
Samarkand,UZ,Uzbekistan,39.627,66.9749,Registan Square (three madrasas facing each other) is the single most iconic sight in the country; Shah-i-Zinda's tiled necropolis is also a standout.,5
Tashkent,UZ,Uzbekistan,41.2995,69.2401,"The Soviet-era metro stations are individually decorated (mosaics, chandeliers) and worth a look; Chorsu Bazaar is the main traditional market.",5
Da Lat,VN,Vietnam,11.9404,108.4583,"Known for ""Easy Rider"" motorbike guide tours through the surrounding countryside and canyoning trips (waterfall abseiling) — it's the adventure-activity hub of the south-central highlands, noticeably cooler than the coast.",4
Ha Giang Loop,VN,Vietnam,22.8256,104.9784,Ma Pi Leng Pass (near the Nho Que River viewpoint) and the Lung Cu flagpole at the northernmost tip are the two stops worth timing daylight around; both are short detours off the main loop road.,4
Ha Long Bay,VN,Vietnam,20.9101,107.1839,"Overnight boat quality varies hugely by operator and cheap tours get crowded and rushed; Lan Ha Bay (same karst scenery, based from Cat Ba) is a quieter, less touristy alternative to the main bay itself.",4
Hanoi,VN,Vietnam,21.0285,105.8542,"Train Street cafés are open but access is now gated: café owners let you into the trackside alley only around scheduled train passes, and the strip has been repeatedly closed/reopened for rule violations — confirm with a café owner on arrival rather than assuming access.",4
Ho Chi Minh City,VN,Vietnam,10.8231,106.6297,War Remnants Museum and Bui Vien walking street are the two anchor stops; the city's traffic-heavy grid makes walking between District 1 sights slower than it looks on a map.,4
Phu Quoc,VN,Vietnam,10.227,103.967,"Has the world's longest over-sea cable car (to Hon Thom island); Sao Beach on the south coast is the standout beach, less developed than the resort strip up north.",4
Blue Holes,VU,Vanuatu,-15.5,167.15,"Several named freshwater swimming holes on Espiritu Santo (Nanda/Matevulu are the well-known ones), each on customary land with a small entry fee to the local family; rope swings into turquoise water are the main draw.",3
Mount Yasur (Tanna),VU,Vanuatu,-19.5236,169.4451,Local Ni-Vanuatu landowners run the guided 4WD-plus-short-walk trips to the crater rim (a custom landowner fee applies on top of any tour price); it's one of the few volcanoes on Earth you can stand at the active rim of after dark and watch lava bursts.,3
Port Vila,VU,Vanuatu,-17.7333,168.3273,"The capital took serious damage in the magnitude 7.3 earthquake in December 2024, which cracked buildings including some embassies; check current status of any specific site before counting on it, though the main tourist areas have largely reopened.",3
SS President Coolidge wreck (Espiritu Santo),VU,Vanuatu,-15.5085,167.1739,"A former US troopship sunk in 1942, dived directly from the beach at Luganville with no boat needed; look for ""the Lady,"" a relief carving above a fireplace mantel, and the helmets/jeeps still visible in the cargo holds.",3
Apia,WS,Samoa,-13.8506,-171.7513,"Robert Louis Stevenson's former home, Vailima, is now a museum, and his grave sits atop Mt Vaea above it, reachable by a short hike with harbor views.",2
Lalomanu (beach fales),WS,Samoa,-14.0167,-171.4333,This beach was essentially destroyed by the 2009 tsunami and has since been rebuilt with new fale operations; it remains one of the most popular south-coast beaches on Upolu.,2
To Sua Ocean Trench,WS,Samoa,-13.9333,-171.5333,"A giant sunken swimming hole reached by a steep wooden ladder roughly 30m down; like almost everything in Samoa it is closed on Sundays out of religious observance, so plan the visit for another day.",2
Upolu,WS,Samoa,-13.9167,-171.7667,"The main island holding both the capital and most of Samoa's sights (To Sua, Lalomanu); Piula Cave Pool, a freshwater pool inside a cave next to the ocean, is a lesser-known specific stop near a Methodist theological college.",2
Peja / Rugova Gorge,XK,Kosovo,42.6591,20.2883,"The Patriarchate of Peć, a UNESCO-listed medieval Serbian Orthodox monastery, sits right at the mouth of the dramatic Rugova Gorge canyon road; bring ID, as the monastery compound has restricted/guarded access.",4
Pristina,XK,Kosovo,42.6629,21.1655,"Kosovo's capital and usual arrival point, light on classical sights but heavy on cafe/street energy along Nënë Tereza Boulevard, with the Newborn monument and Mother Teresa Cathedral as the two quick photo stops and the Kosovo Museum for context. Treat it as a half-day city rather than a monument checklist.",4
Prizren,XK,Kosovo,42.2139,20.7397,"Ottoman-era old town with the stone bridge, Sinan Pasha Mosque, and a hilltop Kalaja fortress; climb to the fortress near sunset for the best view over the town's minarets and river.",6
"Prizren (Sinan Pasha Mosque, Liga House)",XK,Kosovo,42.2139,20.7397,"Kosovo's most atmospheric old town: Ottoman stone bridge and bazaar beneath a hilltop fortress, the Sinan Pasha Mosque on the river, and the League of Prizren House museum covering the 1878 Kosovar-Albanian independence movement. Climb to the Kalaja fortress ruins above town for the best view over the old quarter, and budget time for the League of Prizren museum specifically for the history most visitors skip.",1
Visoki Dečani / Peć Patriarchate,XK,Kosovo,42.5486,20.1364,"Two separate, still-active medieval Serbian Orthodox monasteries near Peja/Peć under KFOR protection — Dečani for its exceptional 14th-century frescoes, the Patriarchate of Peć as the historic seat of the Serbian Church — both genuinely worth the detour and distinct from the Peja/Rugova Gorge stop. At both, you must hand over your passport/ID to KFOR or police at the checkpoint to get a visitor pass (get it back on exit), dress modestly (shoulders/knees covered), and expect a no-photography rule right at the checkpoint/monastery approach.",1
Addo Elephant Park,ZA,South Africa,-33.4833,25.75,"Malaria-free, so a good family-friendly Big Five stop; self-drive is easy since roads are well maintained and elephants congregate at waterholes near the main camp.",4
Cape Town,ZA,South Africa,-33.9249,18.4241,"Table Mountain cable car up, then walk down via Platteklip Gorge; Robben Island ferry tours to the former prison need booking a day or two ahead as they sell out.",4
Drakensberg,ZA,South Africa,-29,29.4167,Amphitheatre day hike to Tugela Falls (world's second-highest waterfall) from Royal Natal National Park is the classic outing; bring layers as weather turns fast at altitude even in summer.,4
Garden Route,ZA,South Africa,-34.0333,23.05,"Storms River Mouth suspension bridge in Tsitsikamma and the Bloukrans Bridge bungee (216m, one of the world's highest) are the two signature stops; Knysna's lagoon and oyster shacks make a good overnight break.",4
Johannesburg,ZA,South Africa,-26.2041,28.0473,"Apartheid Museum and a guided Soweto tour (Vilakazi Street, Hector Pieterson Memorial) are the must-do cultural stops; go with a tour operator for Soweto rather than self-driving in.",4
Kruger NP,ZA,South Africa,-24.0089,31.485,"Self-drive is very feasible on tarred/gravel roads with rest camps every 40-60km; book Sabi Sands or a private concession if you want off-road night drives, since public Kruger restricts you to roads.",4
Winelands (Stellenbosch),ZA,South Africa,-33.9321,18.8602,"Base yourself in Stellenbosch or Franschhoek and do a small-group wine tram/tour rather than self-driving between estates, since tastings mean driving on rural roads afterward.",4
Livingstone/Victoria Falls,ZM,Zambia,-17.9243,25.8572,"The Zambian side gives closer, wetter views of the falls in high-water months (roughly Feb-May) when the Zimbabwe side can be obscured by spray; Livingstone Island tours (including Devil's Pool access from this side) run in the low-water months.",3
Lower Zambezi NP,ZM,Zambia,-15.6167,29.15,"Known for canoe safaris paddling right past elephants and hippos at water level, plus strong tiger-fishing on the Zambezi; sits directly across the river from Zimbabwe's Mana Pools.",3
Lusaka,ZM,Zambia,-15.3875,28.3228,Mostly a transit/logistics stop rather than a sightseeing destination — used for connections rather than lingered in.,3
South Luangwa NP,ZM,Zambia,-13.0833,31.75,"Considered the birthplace of the modern walking safari, pioneered by Norman Carr in the 1950s; still regarded as one of the best parks in Africa for guided walking safaris and has an unusually high leopard density.",3
Bulawayo,ZW,Zimbabwe,-20.15,28.5833,Best used as a base for day trips to nearby Matobo Hills rather than a destination itself — rhino tracking on foot and Cecil Rhodes' grave at World's View are the draws; the Natural History Museum in town has a strong regional wildlife/geology collection.,4
Great Zimbabwe,ZW,Zimbabwe,-20.2667,30.9333,"Sub-Saharan Africa's largest pre-colonial stone structure (11th-15th century), UNESCO-listed; climb the Hill Complex early morning before heat sets in, and see the original soapstone Zimbabwe Bird sculptures in the small site museum.",4
Hwange NP,ZW,Zimbabwe,-18.6333,26.9833,"Pumped, man-made waterholes (a legacy of historic water scarcity) concentrate huge elephant herds in the dry season, making vehicle-based waterhole stakeouts more productive here than game drives.",4
Mana Pools,ZW,Zimbabwe,-15.7667,29.4,"One of the few African parks permitting unguided walking safaris on foot near dangerous game (with a licensed professional guide); famous for elephants standing on hind legs to browse acacia pods, an unusual learned behavior concentrated here.",4
Victoria Falls,ZW,Zimbabwe,-17.9243,25.8572,"Devil's Pool (natural infinity pool at the lip of the falls) is only reachable when water is low, roughly August to early January; bungee jumping and gorge swings run off the historic bridge between the Zim and Zambia sides.",4
